",",26260
(,25989
),25982
[,25234
],25226
:,16820
A,12386
.,9848
=,8754
F,8282
def,7545
=>,7081
B,6441
},4959
{,4957
_,4188
f,4011
a,3884
implicit,3630
G,2486
C,1913
case,1880
x,1844
fa,1780
α,1630
M,1542
b,1536
type,1535
*,1446
*/,1418
/**,1263
the,1238
new,1237
extends,1090
A1,1038
A2,987
with,967
S,960
val,957
map,889
final,886
trait,819
X,809
λ,794
#λ,794
self,778
this,730
override,725
z,688
W,687
r,658
D,649
of,618
E,605
v,599
Boolean,592
match,588
to,588
A3,583
Monoid,577
Functor,567
_1,549
t,543
c,529
V,526
if,520
value,512
_2,511
l,510
R,510
private,509
F0,506
Option,504
Order,497
g,494
s,482
"""",481
class,465
Equal,463
run,457
as,440
y,437
A4,430
apply,417
\/,412
is,408
p,406
Monad,398
k,392
K,386
f1,386
f2,379
Applicative,375
sealed,370
e,368
empty,367
and,352
`,346
object,344
scalaz,344
append,342
T,342
Stream,341
Some,338
Semigroup,333
n,326
List,318
Show,317
else,316
Int,315
β,314
point,311
+,310
None,308
zero,298
1,296
A5,295
_3,283
H,282
that,276
import,274
S2,272
a1,271
S1,271
0,269
>,268
-\/,260
for,259
a2,257
equal,256
abstract,253
@@,253
m,249
d,248
IList,238
"",236
order,236
\/-,233
AA,229
h,222
L,221
fold,220
A6,215
Id,213
in,212
Tag,211
Bin,210
A0,209
Vector,207
N,206
<,205
_4,204
B2,201
Traverse,200
I,196
foldLeft,192
Tip,191
Z,190
==>>,190
tail,189
given,189
right,189
Kleisli,189
Foldable,187
foldRight,186
bind,186
EQ,183
lens,183
-,180
left,178
o,176
from,172
head,171
Apply,170
Ordering,168
FA,168
#f,165
w,162
TC,161
kx,160
Multiplication,160
function,159
on,159
xs,158
<~<,158
t2,157
fb,152
i,151
ap,150
The,149
Validation,149
O,149
B1,147
\&/,146
compose,145
EphemeralStream,141
element,140
Unit,140
Maybe,140
node3,139
M0,138
NonEmptyList,138
other,136
A7,135
_5,134
an,134
show,133
isEmpty,131
Tree,131
q,131
fab,128
unwrap,128
m2,123
t1,122
m1,121
Free,120
EitherT,119
std,119
&&,117
#,116
Enum,116
flatMap,115
ISet,114
syntax,113
Zipper,112
G0,111
B0,111
State,110
subst,109
foldMap,107
iso,106
~>,104
Empty,103
Cofree,103
LensFamily,103
implicitly,101
_6,101
disjunction,100
traverse,100
Char,100
LT,100
some,99
C2,99
size,99
Digit,98
`F`,97
BB,97
Comonad,96
Nil,96
OneAnd,96
Reducer,96
bimap,95
StreamT,94
Cord,93
list,92
OptionT,92
ord,91
into,90
Y,88
or,88
LazyEitherT,87
LazyOption,87
LazyEither,87
This,87
Either,87
==,87
PLensFamily,86
equalIsNatural,86
Bind,85
FingerTree,85
Zip,85
focus,85
ev,85
String,85
getOrElse,84
GT,83
node2,82
false,81
Failure,81
lazy,81
contramap,81
MaybeT,81
tree,80
node,80
Unapply,79
Success,78
XMap,78
aa,78
by,78
Contravariant,76
ff,76
FF,76
first,76
++,76
otherwise,75
Coyoneda,75
ListT,74
Tags,74
ga,74
Return,74
Traverse1,73
true,72
length,72
reverse,72
pred,71
Bitraverse,71
EE,71
OneOr,70
#l,70
bb,70
cons,70
IndexedState,70
//,69
Cobind,69
zip,69
@tailrec,68
_7,68
none,68
J,67
Heap,66
U,66
plus,66
state,65
Foldable1,65
IndexedContsT,64
traverseImpl,64
apply2,64
Need,64
be,64
Set,64
LeftProjection,63
Map,63
@inline,63
it,63
fc,62
Name,62
WriterT,62
PLens,62
cobind,62
bs,62
Long,62
Endo,62
monoid,61
PlusEmpty,61
success,61
Unzip,60
===,60
go,60
TreeLoc,60
C1,60
RightProjection,60
toList,59
Bifunctor,59
functor,59
Alias,59
ImmutableArray,58
Returns,58
@,58
instance,58
Leibniz,58
MonadPlus,57
measure,57
That,57
pr,57
cata,57
lefts,57
DList,57
a3,57
ts,56
scala,56
Bifoldable,56
product,56
get,55
ReaderWriterStateT,55
Plus,55
min,55
A8,55
error,55
two,55
Last,54
sf,54
=F,54
copoint,54
each,54
rights,54
identity,54
Both,54
values,54
Store,53
IndexedStateT,53
`self`,53
Value,53
unzip,53
NullResult,53
validation,53
Cozip,52
StateT,52
return,52
one,51
First,51
refl,51
Short,51
ma,51
t3,51
through,51
Finger,50
Byte,50
Cokleisli,50
array,50
`G`,50
join,50
protected,50
v2,50
Trampoline,50
sys,49
at,49
ab,49
cojoin,49
max,49
ICons,49
LazyTuple2,49
unit,49
Array,48
filter,48
acc,48
Ranked,48
Coproduct,48
LazyOptionT,48
fd,48
Ops,48
v1,48
snoc,47
succ,47
foldMap1,47
Diev,46
toStream,46
methods,46
elements,46
can,45
Align,45
NullArgument,45
cozip,44
Tuple1,44
resume,44
are,44
leq,44
zipper,44
C0,44
IdT,44
related,44
IndSeq,43
but,43
Wraps,43
stream,43
orElse,43
V2,43
failure,42
provides,42
lift,42
single,42
<-,42
`true`,41
context,41
T1,40
Two,40
all,40
exists,40
accum,40
Distributive,40
ApplicativePlus,40
BijectionT,40
UnwriterT,40
IndexedStore,40
default,39
toChar,39
alias,39
alignWith,39
@param,39
`f`,39
set,39
T2,39
One,39
succn,38
oa,38
/**The,38
not,38
ClassTag,38
add3,38
fe,38
foldMapRight1,38
@?>,38
heap,38
pos,38
over,37
any,37
=>?,37
which,37
lt,37
bifoldMap,37
just,37
shows,37
Conjunction,37
`A`,36
fi,36
R2,36
toOption,36
intervals,36
Node,36
its,36
monad,36
split,35
predn,35
cond,35
LA,35
option,35
Right,35
Disjunction,35
_8,35
wa,35
INil,34
P,34
LazyTuple3,34
Run,34
forall,34
rootLabel,34
TC0,34
LazyTuple4,34
->,34
2,34
r2,33
`fa`,33
BigInt,33
`a`,33
BigInteger,33
Left,33
predicate,33
D2,33
gt,33
traverse1,33
key,33
results,32
Four,32
@see,32
Lens,32
If,32
put,32
MT,32
s1,32
Function0,31
Alpha,31
subForest,31
Three,31
IndexedStoreT,31
Category,31
toString,31
current,31
nel,31
provided,30
%=,30
bitraverseImpl,30
add2,30
composition,30
foreach,30
Bijection,30
init,30
Nothing,30
Arr,30
argument,30
deep,30
HA,30
id,30
Zap,30
b2,30
andThen,30
b1,30
D0,30
x2,29
Compose,29
leibniz,29
foldMapLeft1,29
yield,29
balance,29
Future,28
Endomorphic,28
?=>,28
both,28
W0,28
insert,28
last,28
loop,28
merge,28
BuildKeyConstraint,28
result,27
l2,27
uncons,27
types,27
log,27
n2,27
StoreT,27
structure,27
bifoldRight,27
no,27
defined,27
-_,27
n1,27
using,27
xmap,26
swap,26
Liskov,26
-|,26
Codensity,26
second,26
measurer,26
elemTag,26
done,26
while,26
Hoist,26
traverse1Impl,26
Double,26
d2,26
index,25
+A,25
Dual,25
version,25
Forest,25
`as`,25
partial,25
zapWith,25
CaseInsensitive,25
plens,25
when,25
`M`,25
Const,25
interval,25
effects,25
natural,25
where,25
IsEmpty,25
`F,25
iterator,25
viewed,24
isDefined,24
az,24
MonadListen,24
T3,24
PartialFunction,24
`B`,24
Writer,24
constructor,24
t4,24
<~>,24
-X,24
var,24
MN,24
ls,23
collection,23
step,23
7,23
InvariantFunctor,23
bifoldLeft,23
bitraverse,23
transformation,23
tuple,23
x1,23
Profunctor,23
AnyVal,23
IndexedReaderWriterStateT,23
toInt,22
MonadTell,22
liftM,22
_f2,22
endo,22
+_,22
lo,22
An,22
Lan,22
asInstanceOf,22
kleisli,22
+++,22
Iterator,22
E0,22
singleton,22
tag,21
MA,21
bc,21
initial,21
⊛,21
loc,21
Suspend,21
Skip,21
emptyEphemeralStream,21
LB,21
@since,21
lazyEitherT,21
catch,21
Conditional,21
Arrow,21
applied,21
apply3,21
start,21
take,21
Split,21
found,21
Seq,20
lazyNone,20
returns,20
fg,20
underlying,20
between,20
T4,20
rightz,20
GB,20
Optional,20
Adjunction,20
isomorphic,20
more,20
their,20
FB,20
NumberFormatException,20
rs,20
Ran,20
|,20
arr,19
=WriterT,19
OA,19
yieldd,19
skip,19
sequence,19
u,19
tl,19
BigDecimal,19
lazySome,19
try,19
r1,19
lazyRight,19
lazyLeft,19
plensFamily,19
instances,19
drop,19
fs,19
ky,18
=IndexedContsT,18
Just,18
X1,18
action,18
root,18
rest,18
X2,18
parameter,18
foldr,18
lensFamily,18
<=>,18
flip,18
used,18
3,18
lx,18
may,18
HB,18
<=,18
pure,18
`Cord`,18
cmpkx,18
|+|,18
|@|,18
Done,17
a4,17
Inject,17
Choice,17
rep,17
~~>,17
unitReducer,17
cmphi,17
contains,17
free,17
pair,17
=EitherT,17
MonadError,17
Memo,17
dict,17
mapO,17
ContsT,17
unfold,17
xmapbB,17
Float,17
trim,17
writer,17
Throwable,17
Type,17
-α,17
NodeTree,16
Like,16
withBest,16
t5,16
zipWith,16
Sink,16
MonoidX,16
Step,16
such,16
Yield,16
sa,16
parents,16
Injective,16
T5,16
rx,16
Unwriter,16
FG,16
Unapply2,16
after,16
present,16
va1,15
TreeForest,15
OrdSeq,15
until,15
force,15
next,15
mm,15
zs,15
LastOption,15
ordering,15
ll,15
anyVal,15
computation,15
ms,15
HT,15
subst1,15
apply4,15
`TC`,15
split1,15
`M0,15
toMaybe,15
pextract,15
hoist,15
swapped,15
mapsnd,15
use,15
correctedInterval,15
Function,15
LeftProjectionT,15
complexity,15
||,15
there,15
toAscList,15
useful,15
union,15
=LazyEitherT,15
choice,15
`p`,15
choose,15
CofreeZip,15
ys,15
Either3,15
functions,15
minimum,15
mb,15
bmi,15
leftMap,15
before,14
=UnwriterT,14
mapfst,14
convenient,14
`cond`,14
Time,14
lifted,14
headOption,14
>=>,14
hb,14
semigroup,14
K2,14
compare,14
equality,14
?,14
only,14
UnitReducer,14
f3,14
As,14
PState,14
s2,14
tupled,14
http,14
+B,14
has,14
accV,14
n3,14
MonadPartialOrder,14
unapply,14
three,14
Source,14
fa2,14
Catchable,14
/*,14
bijection,14
middle,14
k1,14
field,14
+=,14
indexedStoreT,14
Injective2,14
@>,14
startPosition,14
@tparam,14
d1,14
Moves,13
;,13
math,13
Q,13
best,13
member,13
operations,13
accVa1,13
Convert,13
endPosition,13
MonadTrans,13
→,13
Aux,13
null,13
Coincidence,13
PLensFamilyUnzip,13
--,13
str,13
monadic,13
than,13
priority,13
',13
rightAdjunct,13
leftAdjunct,13
comonad,13
Yoneda,13
Nondeterminism,13
ContravariantCoyoneda,13
/**Unpack,13
pf,13
Iterable,13
satisfy,13
listen,13
toZipper,13
Construct,13
implement,13
indSeq,13
***,13
these,13
GF,13
rank,13
distributeImpl,13
ForestZipper,13
end,13
specialized,13
isDefinedAt,13
alternative,13
toVector,12
elem,12
IAO,12
D1,12
lr,12
zipperEnd,12
S3,12
EB,12
T6,12
ImmutableArray1,12
_a,12
t6,12
cmplo,12
_apply,12
`scala,12
was,12
IsoFunctorTemplate,12
For,12
spin,12
e2,12
e1,12
unlift,12
l1,12
traversal,12
cord,12
moves,12
toLeft,12
ry,12
side,12
toRight,12
SA,12
amb,12
immutable,12
Modify,12
ly,12
non-empty,12
transformer,12
operation,12
dropWhile,12
counit,12
=FingerTree,12
construct,12
tails,12
_*,12
OFA,12
`point`,12
portion,12
filterGt,12
trans,12
`C`,12
FromFoldr,12
filterLt,12
fh,12
Repr,12
=Coproduct,12
NotNothing,12
return_,12
ac,12
fromList,12
raiseError,12
LazyNone,12
const,11
Callable,11
Reader,11
`Monoid,11
foldedCase,11
also,11
takeWhile,11
writerT,11
flatten,11
intersperse,11
=T,11
nat,11
isRight,11
call,11
Represents,11
extend,11
either,11
cd,11
hasNext,11
#A,11
LazySome,11
yields,11
`f,11
EA,11
NaturalTransformation,11
errors,11
LastMaybe,11
bhi,11
previous,11
add4,11
FirstMaybe,11
quantified,11
out,11
blo,11
difference,11
fail,11
hi,11
eq,11
provide,11
`append`,11
reverseIterator,11
vector,11
gi,11
fa1,11
MAB,11
spanM,11
filterM,11
balanceL,11
balanceR,11
satisfies,11
gb,11
you,11
`T`,11
AFinger,11
ta,11
curried,11
UpStar,11
Representable,11
ofImmutableArray1,11
%,11
IA,11
DownStar,11
pr2,10
`N`,10
mod,10
stepMap,10
toTree,10
data,10
takeWhileM,10
a0,10
StringArray,10
|||,10
GG,10
tailz,10
name,10
MinVal,10
MaxVal,10
isLeft,10
sf2,10
deleteFindMax,10
containing,10
Between,10
mapAccumL,10
foldLeft1,10
deleteFindMin,10
under,10
Produce,10
Lift,10
sf1,10
lazyOptionT,10
unionWith,10
/,10
OrderA,10
zipWithL,10
#F,10
have,10
sortBy,10
naturalTrans,10
ex,10
lower,10
sg,10
fj,10
pr1,10
FC,10
`ap`,10
k2,10
It,10
mapping,10
lift2,10
looping,10
fga,10
tr,10
CanBuildFrom,10
execute,10
then,10
`Monoid`,10
fgahb,10
lessThanOrEqual,10
same,10
`false`,10
BKC,10
glue,10
onF,10
unless,10
delete,10
lessThan,10
contravariant,10
subtyping,10
find,10
L2,10
H2,10
functors,10
focused,10
within,10
@specialized,9
`A`s,9
Function1,9
!b,9
should,9
`zero`,9
Negation,9
lookupr,9
singletonWith,9
we,9
MonadState,9
total,9
equalBy,9
CC,9
Embed,9
_0,9
universally,9
j,9
digits,9
unwriterT,9
embed,9
SOrdering,9
H0,9
range,9
>=,9
adjunction,9
suspend,9
position,9
Kan,9
extension,9
Example,9
laws,9
adjustedPosition,9
infers,9
tailOption,9
foldrWithKey,9
Right3,9
tell,9
modify,9
Middle3,9
align,9
=Kleisli,9
Left3,9
`None`,9
IndexedContsTFunctions,9
IndexedContsTInstances,9
All,9
elems,9
alter,9
findM,9
rise,9
unary_~,9
Tuple2,9
imap,9
toScalaOrdering,9
whether,9
combine,9
so,9
string,9
ATree,9
effect,9
nonEmpty,9
MinMaybe,9
tailrec,9
rr,9
@annotation,9
WrappedImmutableArray,9
MaxMaybe,9
partially,9
holds,9
GA,9
ToMonadOps,9
Deletes,9
ToFunctorOps,9
copyToArray,9
binding,9
es,9
IsoBifunctorTemplate,9
`B`s,9
moved,9
@return,9
boolean,9
lan,9
mutable,9
update,9
MB,9
MonadReader,9
nmap2,9
mzero,9
local,9
without,9
Product,9
ofRef,9
<<<,8
`traverse`,8
Serializable,8
FirstOption,8
MinOption,8
ofChar,8
groupWhenM,8
consistent,8
MaxOption,8
Every,8
ViewL,8
ViewR,8
updates,8
Builder,8
`b`,8
witness,8
-R,8
newArr,8
`p,8
<~~>,8
ffa,8
xt,8
m2t,8
acquired,8
|-,8
delay,8
Unapply21,8
Select,8
CoyonedaF,8
duplicate,8
efficient,8
tail-position,8
num,8
Spin,8
-S1,8
cur,8
resulting,8
I0,8
_f1,8
view,8
foldMap1Opt,8
Max,8
AnyRef,8
ab_+,8
charsNel,8
updated,8
traverseS,8
delta,8
handleError,8
Either`,8
promote,8
-=,8
6,8
toNel,8
elem2,8
item,8
need,8
reverse_,8
mapAccumRight,8
len,8
T7,8
Min,8
elem1,8
mapAccumLeft,8
slice,8
partition,8
selects,8
t7,8
Insert,8
distribute,8
st,8
X0,8
corresponding,8
getConst,8
fbs,8
=IndexedStoreT,8
downParents,8
Fold,8
idInstance,8
ProductTraverse,8
hedgeDiff,8
True,8
greaterThanOrEqual,8
example,8
applicative,8
Append,8
optionT,8
according,8
foldMapLeft1Opt,8
wb,8
isomorphism,8
cc,8
mz,8
eval,8
path,8
=>=,8
access,8
starts,8
Also,8
mapValue,8
even,8
library,8
least,8
sum,8
Traversal,8
via,8
_9,8
km,8
child,8
MapInstances,8
i1,8
returning,8
i2,8
chars,8
insertWith,8
Isomorphism,8
record,8
Converts,8
zero`,8
`g`,8
body,8
maximum,8
collect,8
cs,8
tp,7
Fractional,7
Integral,7
%==,7
must,7
old,7
idx,7
itself,7
condition,7
character,7
lift3,7
complement,7
foldMapRight1Opt,7
give,7
implementation,7
fbc,7
ToCategoryOps,7
written,7
specify,7
known,7
G1,7
mid,7
discards,7
parent,7
maps,7
`compose`,7
We,7
>>>,7
orderBy,7
bk,7
Scalaz,7
<++>,7
FoldCase,7
original,7
LensFamilyUnzip,7
unrep,7
family,7
toShort,7
always,7
`this`,7
binary,7
ToApplyOps,7
traverse_,7
unfoldTree,7
contained,7
`Order,7
LC,7
toByte,7
MG,7
stack,7
ToPlusEmptyOps,7
hh,7
ToApplicativeOps,7
interleave,7
conjunction,7
MonadSyntax,7
suspension,7
Execute,7
`Coyoneda,7
java,7
applyT,7
ofUnit,7
ToComposeOps,7
Runs,7
parameters,7
ofBoolean,7
ofDouble,7
Numeric,7
Partial,7
ofFloat,7
By,7
message,7
parseInt,7
ofLong,7
ofInt,7
=Writer,7
ofShort,7
ofByte,7
n4,7
back,7
FunctorSyntax,7
SB,7
Generator,7
nonempty,7
key/value,7
ToEitherOps,7
source,7
deleteMin,7
DieVector,7
whenM,7
binarySearch,7
conditional,7
consisting,7
long,7
ix,7
unlessM,7
initz,7
foldlWithKey,7
Access,7
children,7
will,7
runTraverseS,7
ToFoldableOps,7
ValidationNel,7
transform,7
greater,7
`O,7
nil,7
Any,7
accVa2,7
`List`,7
<^>,7
Useful,7
partitionM,7
along,7
intersectionWithKey,7
peek,7
A*,7
associative,7
mapOptionWithKey,7
@throws,7
mapAccum,7
fallback,7
cannot,7
ha,7
Catamorphism,7
greatest,7
`s,6
finger,6
ap2,6
lhead,6
ltail,6
rhead,6
rtail,6
`n`,6
Flip,6
Cohoist,6
Binary,6
o1,6
stateful,6
MapEqual,6
takeUntilM,6
side-effect,6
filterWithKey,6
environment,6
intersperse0,6
/*G,6
powerset,6
Get,6
ifFalse,6
ifTrue,6
ComonadStore,6
uses,6
`H`,6
sweep,6
carpet,6
breakM,6
IsomorphismBifunctor,6
@note,6
valueOr,6
representation,6
up,6
super,6
trees,6
based,6
groupWhen,6
span1,6
ToFoldable1Ops,6
unionWithKey,6
nodes,6
ReaderWriterState,6
toSeq,6
IndexedReaderWriterState,6
application,6
=State,6
BiNaturalTransformation,6
toLong,6
ToEqualOps,6
orZero,6
toLazyOption,6
rl,6
described,6
lookup,6
sorted,6
`Tag,6
prefix,6
adjacentBeforeResult,6
longest,6
rec,6
rlx,6
adjacentAfterResult,6
commutative,6
allPairs,6
updateWithKey,6
insertWithKey,6
ensure,6
ToOrderOps,6
`ContravariantCoyoneda,6
adjacentPairs,6
cf,6
commaSep,6
=StoreT,6
characters,6
lrx,6
subtractInterval,6
OneOrFunctor,6
toSet,6
already,6
ToTraverseOps,6
pairs,6
ToInvariantFunctorOps,6
Compare,6
FunctorLaw,6
homomorphism,6
`map`,6
n1t,6
n2t,6
heaps,6
reduce,6
universal,6
internally,6
ProductFunctor,6
ContravariantCoyonedaF,6
ToMonadTellOps,6
ComposeOps,6
ApplyOps,6
liftF,6
yt,6
sentinel,6
snk,6
standard,6
tb,6
evG,6
OptionalOps,6
evF,6
tf,6
combined,6
seed,6
numbers,6
`Yoneda,6
zipWithR,6
_k,6
ChoiceOps,6
imperative,6
repeatedly,6
toEphemeralStream,6
except,6
`Trampoline`,6
illusion,6
Extract,6
matches,6
CategoryOps,6
Allow,6
copy,6
/**Curried,6
avoid,6
them,6
FEA,6
ToApplicativePlusOps,6
ML,6
fromSeq,6
Scala,6
arg,6
MF,6
overflow,6
insertMax,6
HC,6
++=,6
insertMin,6
unfoldForest,6
ToSemigroupOps,6
ApplicativeIdV,6
sequence1,6
constant,6
bnc,6
`Functor`,6
fma,6
coproduct,6
continually,6
greaterThan,6
wamo,6
anb,6
Queue,6
apply5,6
fax,6
ProductFoldable,6
strengthR,6
wami,6
nondeterminstically,6
arrows,6
foldRightM,6
ami,6
Inverse,6
pa,6
ToPlusOps,6
viewl,6
ArrowOps,6
`S`,6
ToSplitOps,6
ProfunctorOps,6
MT0,6
BitraverseOps,6
ToBindOps,6
`sequence`,6
smallest,6
SplitOps,6
ML0,6
BifoldableOps,6
lensFamilyg,6
inj,6
prj,6
lift4,6
ToBifoldableOps,6
functional,6
residual,6
BifunctorOps,6
tmp,6
`A,6
ToBifunctorOps,6
Whether,6
w1,6
lazyTuple2,5
BindOps,5
heaviside,5
lenses,5
applyApplicative,5
fused,5
purely,5
sequencing,5
Executes,5
tuple2,5
ApplySyntax,5
**/,5
OrderingInstances,5
`State`,5
ToProfunctorOps,5
ToArrowOps,5
splitAt,5
number,5
lensg,5
supporting,5
FoldableSyntax,5
foldRight1,5
lensId,5
apply7,5
Appends,5
SeqLike,5
ToBitraverseOps,5
maximumOf1,5
apply6,5
rightc,5
another,5
actions,5
SetLensFamily,5
minimumOf1,5
CatchableOps,5
uf,5
ap3,5
MapLensFamily,5
=LeftProjection,5
QueueLensFamily,5
higher,5
MaxValue,5
MinValue,5
ApplicativeOps,5
Not,5
IsomorphismFoldable,5
leftc,5
count,5
ToCatchableOps,5
ApplicativePlusOps,5
Gosub,5
ArrayLensFamily,5
showFromToString,5
uncurried,5
mkCord,5
Selects,5
OnR,5
OnL,5
converts,5
terms,5
instead,5
ba,5
mappendVal,5
ToChoiceOps,5
accVpr,5
rightMap,5
Functors,5
`Id`,5
FractionalLensFamily,5
CobindOps,5
IntegralLensFamily,5
collecting,5
unzip3,5
performs,5
unzip4,5
unzip5,5
method,5
unzip6,5
ToCobindOps,5
ComonadOps,5
ToComonadOps,5
do,5
dig2,5
operands,5
support,5
ToAlignOps,5
lazyEitherTLeftProjectionEIso2,5
ApplicativeSyntax,5
derived,5
<=<,5
/**Lift,5
AlignOps,5
like,5
Allows,5
implemented,5
`run`,5
ContravariantOps,5
TraversableOnce,5
usually,5
s0,5
S0,5
ToContravariantOps,5
add1,5
CozipOps,5
ToCozipOps,5
EitherOps,5
OneOrFoldable,5
skewInsert,5
maybeT,5
remainder,5
minuend,5
subtraend,5
ApplyLaw,5
ts2,5
void,5
∨,5
ts1,5
splitForest,5
ToEnumOps,5
SearchResult,5
xx,5
ExecutionContext,5
withList,5
/**Returns,5
lazyFoldRight,5
nodeMeasure,5
convert,5
orderedInterval,5
updateAt,5
apzip,5
ZipOps,5
UnzipOps,5
leaf,5
InvariantFunctorLaw,5
ListBuffer,5
ask,5
subtree,5
Foldable1Ops,5
covariant,5
ReaderWriterStateTInstances,5
ReaderWriterStateTFunctions,5
4,5
fill,5
listInstance,5
arrow,5
0L,5
`Apply,5
unionUniq,5
ifM,5
`Semigroup`,5
various,5
leaves,5
sortWith,5
/**A,5
Can,5
SemigroupOps,5
trimLookupLo,5
FoldableOps,5
KleisliApplicative,5
AllInstances,5
four,5
FirstVal,5
Note,5
invariant,5
Based,5
typeclass,5
FunctorOps,5
Haskell,5
mkDList,5
LiftV,5
LastVal,5
U1,5
concat,5
TraverseOps,5
PLensInstances,5
CompositionFunctor,5
ComposeSyntax,5
Entry,5
splitLookup,5
times,5
Collect,5
OneAndFunctor,5
~,5
optional,5
Traverse1Ops,5
ComonadTrans,5
patch,5
applying,5
bitraverseF,5
Bitraversal,5
does,5
peeks,5
toFailure,5
lastOption,5
`K`,5
isJust,5
InvariantFunctorOps,5
biNaturalTrans,5
toEither,5
See,5
IsEmptyOps,5
IsomorphismFunctor,5
M1,5
allows,5
ToUnzipOps,5
M2,5
reflexive,5
ToZipOps,5
!_,5
ToTraverse1Ops,5
MonadErrorOps,5
ToMonadErrorOps,5
corresponds,5
toArray,5
reducer,5
representing,5
pad,5
ToMonadListenOps,5
!=,5
`C`s,5
mapWritten,5
MonadPlusOps,5
again,5
ToMonadPlusOps,5
WriterTFunctor,5
memo,5
MonadOps,5
Cache,5
nels,5
@unchecked,5
fromEither,5
form,5
MonadTellOps,5
whileM,5
lesser,5
whileM_,5
MapSubFunctions,5
PF,5
mapM,5
gives,5
newBuilder,5
ToMonoidOps,5
MonoidOps,5
`append,5
traverseSTrampoline,5
NondeterminismOps,5
stateTMonadState,5
ifEmpty,5
doesn't,5
RR,5
kleisliMonadReader,5
findMax,5
findMin,5
SemigroupLaw,5
gather,5
Nondeterministically,5
ToOptionalOps,5
<p/>,5
exceptions,5
cmp,5
strengthL,5
flatMapF,5
MapOps,5
EitherTMonad,5
annihilate,5
curm,5
attempt,5
PlusEmptyOps,5
CategorySyntax,5
predState,5
Applies,5
PlusOps,5
decremental,5
PlusEmptySyntax,5
`pred`,5
InvariantFunctorSyntax,5
IndexedContsTFunctorRight,5
curn,5
chooseAny,5
ToShowOps,5
g2,5
succState,5
ToOptionIdOps,5
g1,5
composite,5
incremental,5
Call,5
apply`,5
IsoSet,5
equivalent,5
computations,5
ShowOps,4
Injective5,4
Injective4,4
Injective3,4
toRan,4
ToReducerOps,4
PlusSyntax,4
IndexedContsTFunctorLeft,4
cofree,4
EmptyLaw,4
CobindSyntax,4
ToStateOps,4
shift,4
applyCofree,4
ab1,4
isSubsetOfX,4
vacuous,4
err,4
compatibility,4
splitMember,4
B`,4
wk,4
nearest,4
TT,4
ToFunction2Ops,4
wbmo,4
hedgeUnion,4
ProfunctorSyntax,4
entire,4
OrderOps,4
mk,4
insertR,4
hashCode,4
applyTail,4
arrayBuilder,4
hedgeInt,4
scanr,4
sense,4
kl,4
=DownStar,4
ToNelOps,4
deleteMax,4
plensId,4
immArray,4
xm,4
`Kleisli,4
w2,4
~LensFamily,4
dual,4
mapResult,4
annihilating,4
fromArray,4
inference,4
lz,4
rz,4
Provides,4
Wrap,4
`unit`,4
MonadListenOps,4
`State,4
sc,4
ratio,4
CofreeFoldable,4
lrl,4
lrr,4
ToMaybeOps,4
mapAccumR,4
CofreeComonad,4
rll,4
rlr,4
potential,4
bt,4
Isomorphisms,4
kind,4
Iso,4
bh,4
Iso2,4
stateMonad,4
Iso3,4
ToTreeOps,4
unlift1,4
ToWriterOps,4
unlift2,4
IsoFunctor,4
IsoBifunctor,4
/**Alias,4
ToValidationOps,4
ToTheseOps,4
nth,4
ah,4
KleisliFAOps,4
ToIsEmptyOps,4
fromOption,4
ftl,4
ToIdOps,4
ContT,4
=Cokleisli,4
seek,4
IndexedContT,4
seeks,4
experiment,4
padTo0,4
`Lan,4
xfp,4
fgb,4
BFT,4
xp,4
groupBy1,4
BindSyntax,4
TraverseSyntax,4
CompositionFoldable,4
cosequence,4
firsts,4
seconds,4
gab,4
IdTFunctor,4
KleisliFunctor,4
AllFunctions,4
sort,4
KleisliPlusEmpty,4
FB0,4
ins,4
tsp,4
chosen,4
cf2,4
cf1,4
x0,4
t0,4
SemigroupSyntax,4
Unlike,4
rootZ,4
composed,4
sz,4
inner,4
BindLaw,4
`k`,4
EqualOps,4
tuple7B,4
StateFunctions,4
fromDataWith,4
tuple6B,4
tuple5B,4
lazyEitherInstance,4
tuple4B,4
`subst`,4
tuple3B,4
unsubst,4
zipB,4
ReaderT,4
span,4
SplitSyntax,4
`andThen`,4
EnumOps,4
left-to-right,4
GM,4
FM,4
LazyEitherTFunctor,4
meaningful,4
operand,4
constrained,4
src,4
arbitrary,4
TODO,4
accumulating,4
BifunctorSyntax,4
`apply`,4
umap,4
`scalaz,4
completion,4
param,4
&,4
resumption,4
category,4
allowing,4
concatThis,4
define,4
Template,4
concatThat,4
BifoldableSyntax,4
LeibnizGroupoid,4
work,4
foldable,4
util,4
f0,4
TraverseLaw,4
bifoldR,4
gosub,4
Forall,4
Foldable1Syntax,4
dualMonoid,4
intercalate1,4
means,4
retrieve,4
minimumBy1,4
transitioning,4
NFA,4
minimum1,4
maximumBy1,4
label,4
draw,4
∧,4
xmapA,4
splitA,4
maximum1,4
foldl1,4
siblings,4
xmapB,4
foldr1,4
Parents,4
CoproductFunctions,4
UnapplyProduct,4
OrderingFunctions,4
intercalate,4
minimumBy,4
splitChildren,4
minimumOf,4
maximumBy,4
better,4
maximumOf,4
lifts,4
>-,4
Lenses,4
ltr,4
it's,4
toIList,4
OrderSyntax,4
foldl1Opt,4
Add,4
foldl,4
optA,4
LensInstances,4
foldr1Opt,4
optB,4
lensFamilyId,4
traverseS_,4
Polymorphically,4
fk,4
foldLeftM,4
/**Left-associative,4
SemigroupA,4
product0,4
insertRight,4
/**Right-associative,4
eitherInstance,4
`Some`,4
`E`,4
Prepends,4
beginning,4
ordSeq,4
ap4,4
fn,4
respectively,4
StringBuilder,4
API,4
ApplicativePlusSyntax,4
SeqLikeLensFamily,4
OptionTFunctor,4
=RightProjection,4
kk,4
jj,4
NumericLensFamily,4
showA,4
ii,4
viewr,4
converted,4
gg,4
fingerMeasure,4
never,4
!,4
MonoidA,4
it;,4
ee,4
dd,4
frac,4
CF,4
ig,4
CG,4
R0,4
zt,4
IsomorphismMonad,4
unzip7,4
IsomorphismEmpty,4
n3t,4
co2_2,4
IsomorphismApplicative,4
IsomorphismApply,4
IsomorphismTraverse,4
`A0`,4
ya,4
mas,4
StreamTMonadPlus,4
OneOrEqual,4
StreamTSemigroup,4
OneOrTraverse,4
OneOrFoldable1,4
StreamTFunctor,4
StreamTHoist,4
no-op,4
OneOrCobind,4
σ,4
liftedIntervals,4
T8,4
t8,4
conflict,4
existing,4
innerSearch,4
ToVectorOps,4
ec,4
endAfter,4
lookupAssoc,4
fingerTreeMeasure,4
keys,4
keySet,4
startBefore,4
startBeforePos,4
Filter,4
mapWithKey,4
mapKeys,4
hedgeUnionL,4
sequence_,4
digitFromChar,4
abs,4
hedgeUnionWithKey,4
MA0,4
MB0,4
longDigits,4
`Applicative,4
contents,4
cmpHi,4
hedgeDiffWithKey,4
U2,4
Prepend,4
intersectionWith,4
>>=,4
splitLookupWithKey,4
digit,4
submap,4
represent,4
OneAndFoldable,4
partitionWithKey,4
exception,4
mapEitherWithKey,4
could,4
MapFunctions,4
`swap`,4
OneAndApply,4
visits,4
`swapped`,4
o2,4
ArrayStack,4
k3,4
x3,4
left/right,4
Don't,4
`Maybe,4
`Option`,4
`p`s,4
tt,4
ApplicativeLaw,4
Turn,4
those,4
UnwriterTFunctor,4
passing,4
toSuccess,4
structures,4
against,4
together,4
maybe,4
stateP,4
arguments,4
c0,4
EqualSyntax,4
T0,4
transitive,4
loopSuccess,4
loopFailure,4
onLeft,4
orEmpty,4
ToListOps,4
MapSub,4
collapse,4
EqualLaw,4
buildXMap,4
padWith,4
MaybeTFunctor,4
ToStringOps,4
Object,4
validationed,4
These,4
charsNelErr,4
Constructs,4
ab_-,4
HashMap,4
lang,4
GC,4
immutableMapMemo,4
iterate,4
WriterTApply,4
MonadLaw,4
bTail,4
`Boolean`,4
fromTryCatchThrowable,4
nn,4
evaluated,4
IndexedSeq,4
iterateWhile,4
iterateUntil,4
!isEmpty,4
runtimeClass,4
isInstance,4
ToStreamOps,4
unite,4
fromTryCatchNonFatal,4
NonFatal,4
WriterTApplicative,4
gets,4
WriterTMonad,4
MonadTellSyntax,4
WriterTFoldable,4
addOne,4
m2Instance,4
!p,4
unfoldForestM,4
zapp,4
multiply,4
isMZero,4
intersectWithKey,4
lcons,4
heads,4
streamEqual,4
+C,4
SortedMap,4
fails,4
adjacent,4
deff,4
abc,4
app,4
cde,4
fromStep,4
L0,4
nmap3,4
predStateMaxM,4
untangle,4
add,4
mapBoth,4
predStateZeroM,4
decrements,4
succStateMinM,4
Possibly,4
move,4
monadTell,4
succStateZeroM,4
increments,4
-F,4
+G,4
`chooseAny`,4
move0,4
positions,4
monadListen,4
ToOptionOps,4
foldLift,4
cmpLo,4
MonadErrorSyntax,3
RightProjectionIso2,3
sequences,3
require,3
FirstLeftProjectionIso2,3
LeftProjectionIso2,3
AS,3
fingerTreeFoldable,3
lrev,3
deleteRightC,3
`foldMap`,3
rrev,3
obtain,3
nondeterministically,3
vm,3
FromFoldMap,3
EitherRightSemigroup,3
bicompose,3
EitherLeftSemigroup,3
findBy,3
ProductFoldable1R,3
EitherLastRightSemigroup,3
EitherLastLeftSemigroup,3
broken,3
foldMapM,3
deleteRight,3
Combine,3
EitherFirstRightSemigroup,3
ignores,3
traverseU_,3
EitherFirstLeftSemigroup,3
EitherRightEqual,3
Puts,3
EitherLeftEqual,3
sequenceS_,3
sequenceF_,3
EitherEqual,3
foldRight1Opt,3
traverseFinger,3
foldLeft1Opt,3
traverseTree,3
annihilates,3
foldrM,3
yo,3
additional,3
representable,3
foldlM,3
`Reducer`,3
`default`,3
indexOr,3
across,3
Maps,3
WriterTTraverse,3
WriterTBitraverse,3
rotR,3
allM,3
EmptyR,3
anyM,3
emptyOrPure,3
WriterTBifunctor,3
pointOrEmpty,3
rotL,3
!cond,3
negInverseConditional,3
<\-,3
EmptyL,3
yielding,3
negConditional,3
⇏,3
In,3
deepR,3
splitWith,3
fact,3
inverseConditional,3
<--,3
-->,3
others,3
selectSplit,3
FoldableLaw,3
ml,3
`Foldable`,3
accVm,3
ProductFoldable1,3
!&&,3
deepL,3
!||,3
OR,3
AND,3
`fs`,3
Function1Semigroup,3
ValidationInstances1,3
Project,3
ValidationInstances0,3
ValidationFlatMap,3
inR,3
Function1Cobind,3
inL,3
ProductFoldable1L,3
FutureInstance,3
Replace,3
alignSwap,3
alignA,3
alignB,3
alignThis,3
Control,3
alignThat,3
nm,3
alignBoth,3
fingerFoldable,3
CallableInstances,3
EnumInstances,3
BigIntegerInstances,3
ApplySemigroup,3
lg,3
BigInts,3
MonoidSyntax,3
constraint,3
BigDecimalInstances,3
FreeC,3
Trees,3
TypeConstraintInstances,3
PartialFunctionInstances,3
toDigit,3
`that`,3
SemigroupApply,3
phantom,3
ONE,3
EitherInstances,3
implements,3
AlignSyntax,3
SemigroupCompose,3
compareTo,3
SimpleImmutableEntry,3
excepting,3
`Free`,3
onEmpty,3
onNotEmpty,3
FutureInstances,3
flatMapSuspension,3
VectorInstances,3
TupleInstances,3
gatherUnordered,3
StreamInstances,3
SwitchingValidation,3
`n,3
MonoidLaw,3
reduceUnordered,3
StringInstances,3
go2,3
toValidationNel,3
SetInstances,3
runM2,3
OptionInstances,3
ListEqual,3
buf,3
mo,3
'y',3
ListInstances,3
!s,3
foldRun2,3
FunctionInstances,3
trampoline,3
way,3
unwriter,3
AnyValInstances,3
`Source`,3
FunctionFunctions,3
produced,3
StringFunctions,3
come,3
Intersperse,3
UnwriterTFoldable,3
sink,3
`Applicative`,3
BooleanFunctions,3
UnwriterTBifunctor,3
StreamFunctions,3
sinkMonad,3
monads,3
sometimes,3
TrampolineInstances,3
MonadPlusSyntax,3
initOption,3
OptionFunctions,3
UnwriterTApply,3
SinkInstances,3
SourceInstances,3
FreeFoldable,3
FreeFoldable1,3
shape,3
Tail,3
FreeTraverse,3
reset,3
`empty,3
MonadPlusLaw,3
uniteU,3
ListFunctions,3
StateTF,3
nested,3
separate,3
unwritten,3
stateT,3
cy,3
anything,3
Evidence,3
replicateM,3
fromStream,3
upper,3
fpair,3
MapSubMap,3
fproduct,3
calls,3
nothing,3
replicateM_,3
weakMemo,3
OK,3
OV,3
MapFoldable,3
##,3
well-typed,3
Fetch,3
reduction,3
ConsWrap,3
MapSubInstances,3
inits,3
untilM_,3
untilM,3
matching,3
Discards,3
CompositionApplicative,3
ProductApplicative,3
`MonadPlus`,3
intersectWith,3
NondeterminismSyntax,3
EnumSyntax,3
expression,3
OrderLaw,3
guaranteed,3
fromStepToLT,3
fromStepTo,3
`point,3
impl,3
fromToLT,3
$immuMapNote,3
fromTo,3
predStateMax,3
predStateZero,3
_b,3
succStateMin,3
succStateZero,3
Otherwise,3
getOrAdd,3
requires,3
Calls,3
`empty`,3
equals`,3
OptionEqual,3
`java,3
predx,3
getMin,3
Nonsensical,3
succx,3
skewMeld,3
mutableMapMemo,3
$,3
heapify,3
able,3
endomorphicSemigroup,3
traverseI,3
EndomorphicSemigroup,3
endomorphicMonoid,3
CompositionApply,3
ShowSyntax,3
splitWithList,3
captured,3
Null,3
among,3
ProductApply,3
Flipped,3
variant,3
apF,3
properties,3
foldLiftOpt,3
rezip,3
EitherTMonadTell,3
minZp,3
eitherT,3
EitherTHoist,3
tz,3
dwn,3
reversed,3
MaybeTMonad,3
EitherTFoldable,3
MaybeTMonadTell,3
link,3
EitherTBifoldable,3
rgt,3
EitherTBifunctor,3
lft,3
MaybeTHoist,3
EitherTPlus,3
uniqify,3
EitherTFunctor,3
TreeSet,3
negative,3
MaybeTFoldable,3
package,3
IdInstances,3
getLabel,3
apply8,3
my,3
+X,3
ToAllStdOps,3
ToDataOps,3
apply9,3
Switching_\/,3
ToTypeClassOps,3
sortedMap,3
apply10,3
modifyTree,3
apply11,3
IdTApply,3
apply12,3
IdTApplicative,3
Lifted,3
IdTFoldable,3
streamZipApplicative,3
ay,3
combChildren,3
ordinary,3
combining,3
here,3
ey,3
iy,3
forms,3
oy,3
currently,3
uncorep,3
uy,3
forest,3
corep,3
SndCovariant,3
MaybeEqual,3
ies,3
applic,3
plural,3
indexOfSlice,3
drop0,3
unsafeCharsNel,3
parseBoolean,3
dropWhile0,3
endsWith,3
startsWith,3
find0,3
foldLeft0,3
NullArgumentSemigroup,3
DisjunctionInstances2,3
DisjunctionInstances1,3
indexWhere,3
IllegalArgumentException,3
indexOfSlice0,3
indexWhere0,3
parseByte,3
parseShort,3
carry,3
parseLong,3
parseFloat,3
parseDouble,3
`as`-wise,3
uz,3
ArrowSyntax,3
squish,3
Tuple1Semigroup,3
Tuple2Semigroup,3
`Maybe`,3
LeftFunctor,3
Tuple3Semigroup,3
RightFunctor,3
UFunctor,3
LeftFoldable,3
wrapped,3
replaced,3
drawSubTrees,3
doubleR,3
Tuple4Semigroup,3
NullResultSemigroup,3
prefixLength0,3
Tuple5Semigroup,3
doubleL,3
Tuple6Semigroup,3
rotateR,3
rotateL,3
sh,3
scan0,3
b0,3
Ensures,3
RightFoldable,3
UFoldable,3
Tuple7Semigroup,3
Tuple8Semigroup,3
inside,3
giving,3
unrelated,3
span0,3
Accumulate,3
hf,3
splitAt0,3
startsWith0,3
inits0,3
take0,3
Sums,3
OneAndApplicative,3
takeWhile0,3
OneAndBind,3
`orElse`,3
`|||`,3
Tuple2Functor,3
`getOrElse`,3
`|`,3
OneAndFoldable1,3
widen,3
Tuple3Functor,3
OneAndTraverse,3
Tuple4Functor,3
peril,3
simply,3
own,3
your,3
updated0,3
zaccum,3
core,3
Tuple5Functor,3
CompositionBifoldable,3
Tuple6Functor,3
fromFoldable,3
ProductBifoldable,3
Tuple7Functor,3
bifoldMap1,3
foldLShape,3
OneAndEqual,3
Tuple8Functor,3
IListEqual,3
bifoldL,3
satisfying,3
Tuple1Equal,3
Tuple2Equal,3
`~`,3
Unify,3
params,3
Tuple3Equal,3
booleanInstance,3
CompositionBifoldableFoldables,3
embedLeft,3
`unary_~`,3
embedRight,3
updateMaxWithKey,3
wrapper,3
updateMinWithKey,3
Tuple4Equal,3
unalign,3
loopLeft,3
elemAt,3
`Bifoldable`,3
FromBifoldMap,3
unitConsReducer,3
loopRight,3
ReducerFunctions,3
make,3
Tuple5Equal,3
CompositionBifunctor,3
updateLookupWithKey,3
Tuple6Equal,3
ProductBifunctor,3
Tuple7Equal,3
?>>,3
`snoc`,3
<<?,3
SwitchingDisjunction,3
Tuple8Equal,3
CompositionBifunctorFunctors,3
behavior,3
_to,3
evaluate,3
`flatMap`,3
IndexedReaderWriterStateTFunctor,3
newStringArrayBuilder,3
resolve,3
_from,3
resolving,3
throw,3
toK,3
OneOrComonad,3
OneOrApplicative,3
inserts,3
Haskell's,3
OneOrTraverse1,3
OneOrOrder,3
clone,3
OneOrShow,3
wrapArray,3
fromK,3
=UpStar,3
DownStarF,3
ImmutableArrayCharW,3
DualSemigroup,3
UpStarF,3
run_,3
replicate,3
dimap,3
ListTSemigroup,3
^^^,3
ListTFunctor,3
TagOf,3
DL,3
bmap,3
ProductPlusEmpty,3
IndexedContsTContravariant,3
IndexedContsTBifunctor,3
tailM,3
ContsTMonad,3
PlusLaw,3
time,3
ProductPlus,3
Foo,3
supports,3
PG,3
code,3
=G,3
lists,3
ZipSyntax,3
Distribution,3
PLensCategory,3
10,3
BijectionTSplit,3
mod10Digit,3
5,3
ToTupleOps,3
9,3
VectorEqual,3
Tuple3,3
failureNel,3
Tuple4,3
sizeA,3
working,3
sizeB,3
`ma`,3
xmapb,3
UnzipSyntax,3
xmapi,3
a1s,3
receqs,3
IsEmptySyntax,3
co3_3,3
adjacentAfter,3
adjacentBefore,3
IndexedStoreTFunctorRight,3
DievImplementation,3
fixIntervalOrder,3
zipR,3
zipL,3
traverseKTrampoline,3
StoreTCobind,3
StoreTComonad,3
traverseM,3
/**We,3
rev,3
however,3
traverseU,3
StreamTMonoid,3
unfoldM,3
actually,3
CozipSyntax,3
CoyonedaFoldable,3
/**Subtyping,3
smaller,3
Traverse1Syntax,3
runStreamT,3
IsomorphismPlus,3
-A,3
IsomorphismBind,3
`G`s,3
ThesePairOps,3
delta*l,3
delta*r,3
IsomorphismCobind,3
ofa,3
ISetEqual,3
Turns,3
plensFamilyId,3
toLan,3
TheseOps,3
puts,3
TagOps,3
/**Set,3
ToTagOps,3
/**Natural,3
/**Isomorphism,3
%~,3
sizer,3
trySet,3
MM,3
VectorOps,3
expand,3
η,3
StringOps,3
sb,3
Removes,3
Cont,3
`Ran,3
Conts,3
StreamOps,3
`s`,3
`some`,3
`none`,3
`String`,3
OptionalSyntax,3
bifoldLShape,3
optionInstance,3
NumericLens,3
IndexedCont,3
IndexedConts,3
Splits,3
PIndexedStateT,3
BitraverseSyntax,3
PLensFunctions,3
mapK,3
rwst,3
>~>,3
KleisliApply,3
+E,3
foldCase,3
Provide,3
KleisliPlus,3
OptionOps,3
KleisliSemigroup,3
KleisliProfunctor,3
GD,3
undefined,3
KleisliCompose,3
ToMapOps,3
CoproductRight,3
OptionTFoldable,3
ListOps,3
CoproductLeft,3
represented,3
KleisliMonad,3
storeT,3
StoreTFunctions,3
LazyLeft,3
LazyRight,3
StoreTInstances,3
StateTFunctions,3
K*,3
StateTInstances,3
=LazyEither,3
Curried,3
ToFunction1Ops,3
`value`,3
`attempt`,3
returned,3
LazyLeftConstruct,3
OptionTHoist,3
LazyRightConstruct,3
fusion,3
explicitly,3
Miles,3
LensCategory,3
Simple,3
existential,3
LazyEitherTBifunctor,3
SeqLikeLens,3
occur,3
LazyEitherTBifoldable,3
lazyEitherTLeftProjectionIso2,3
LazyEitherTMonad,3
OptionTMonadTell,3
LazyEitherTFoldable,3
/==,3
common,3
Function1Ops,3
very,3
ToBooleanOps,3
GuardPrevent,3
CatchableSyntax,3
toLazyRight,3
toLazyLeft,3
`fi`,3
CategoryLaw,3
ConditionalEither,3
ComposePlus,3
endomorphism,3
xy,3
ContravariantSyntax,3
ComposeSemigroup,3
ComposeLaw,3
Transform,3
LazyOptionTFunctor,3
OptionTMonad,3
leftIdentity,3
rightIdentity,3
fromScalaOrdering,3
ContravariantLaw,3
ConstEqual,3
LazyTuple,3
lazyTuple3,3
lazyTuple4,3
ChoiceSyntax,3
ConstApply,3
ConstFunctor,3
CobindLaws,3
BooleanOps,3
LazyTuple2Semigroup,3
LazyTuple2Functor,3
CompositionFoldableBifoldable,3
CompositionFunctorBifunctor,3
LensFunctions,3
LazyTuple3Semigroup,3
f1f2,3
pureCodensity,3
IdOps,3
LazyTuple3Functor,3
LazyTuple3Equal,3
/**Applies,3
combinator,3
`product`,3
LazyTuple4Semigroup,3
LazyTuple4Functor,3
paired,3
disjoint,3
LazyTuple4Equal,3
CompositionFoldable1,3
CompositionPlusEmpty,3
CompositionPlus,3
hold,3
CodensityMonad,3
operator,3
#m,3
unsafeTap,3
`Leibniz,3
ComonadSyntax,3
>>-,3
CokleisliProfunctor,3
%%=,3
CokleisliCompose,3
AuxA,3
extract,3
different,3
L_,3
Equality,3
liftKleisliId,3
liftKleisli,3
ToKleisliOps,3
modo,3
whose,3
cofreeEqual,3
Folds,3
mods,3
CofreeZipApply,3
modp,3
qs,3
XF,3
CofreeBind,3
CofreeFoldable1,3
CofreeZipFunctor,3
needed,3
CofreeTraverse,3
`Traverse1`,3
`Foldable1`,3
zap,3
fromInt,3
Replaces,3
intOrdering,3
mean,3
classes,3
ToNondeterminismOps,3
inject,3
Modifies,3
Applys,2
Implicit,2
ToNondeterminismOps0,2
address,2
Java,2
mapBranching,2
restrictively,2
interpreted,2
''field'',2
term,2
B2`,2
`B1,2
A2`,2
`A1,2
`A2`,2
`A1`,2
simultaneously,2
xmapbA,2
`B2`,2
`B1`,2
Index''',2
applies,2
∅,2
fv,2
offering,2
tv,2
comonadMonadZap,2
NelOps,2
CofreeInstances,2
CofreeFunctions,2
turn,2
++>>,2
++>,2
ToMonadOps0,2
unfoldC,2
ToMonadPlusOps0,2
nt,2
fbb,2
mapUnfold,2
CofreeInstances4,2
low,2
ftb,2
-a,2
ToMonadListenOps0,2
CofreeInstances3,2
branching,2
-1,2
Changes,2
unsafe,2
`X`,2
CofreeInstances2,2
high,2
components,2
MonadErrorIdOps,2
modf,2
CofreeInstances1,2
CofreeTraverse1,2
intermediate,2
CofreeInstances0,2
CofreeZipApplicative,2
CofreeMonad,2
ToOptionalOps0,2
MaybeOps,2
fat,2
Redecorates,2
ToKleisliOps0,2
=>>,2
assign,2
rely,2
assigno,2
KleisliIdOps,2
symm,2
ToIsEmptyOps0,2
ToInvariantFunctorOps0,2
<<=,2
H_,2
copure,2
mods_,2
iteration,2
⊤,2
⊥,2
LeibnizFunctions,2
LeibnizInstances,2
onContra,2
Contravariantly,2
onCov,2
CokleisliInstances,2
CokleisliFunctions,2
CokleisliInstances0,2
checking,2
contexts,2
`head`,2
ToPlusEmptyOps0,2
CokleisliMonad,2
supertype,2
CokleisliArrow,2
seeded,2
Repeatedly,2
ComonadLaws,2
ToPlusOps0,2
`L`,2
says,2
->>-,2
constructors,2
`unsafeTap`,2
codensityMonad,2
cohoist,2
chain,2
#n,2
ad1,2
ad2,2
Leibnizian,2
LazyTuple2Equal,2
LazyTuple4Monad,2
intInstance,2
LazyTuple4Monoid,2
ToProfunctorOps0,2
LazyTuple4Order,2
CompositionTraverse,2
LazyTuple4Show,2
joined,2
`sum`,2
CompositionTraverse1,2
ReducerOps,2
CompositionDistributive,2
CodensityInstances,2
Each,2
LensLaw,2
LazyTuple4Instances0,2
LazyTuple3Monad,2
Thrush,2
LazyTuple3Monoid,2
mappend,2
LazyTuple3Order,2
??,2
LazyTuple3Show,2
CompositionZip,2
print,2
CompositionUnzip,2
Console,2
println,2
ToSplitOps0,2
`Stream`,2
LensFamilyFunctions,2
LazyTuple3Instances0,2
LazyTuple2Monad,2
FunctorIdV,2
LazyTuple2Monoid,2
`order`,2
LazyTuple2Order,2
ToLiftV,2
LazyTuple2Show,2
CompositionTraverseBitraverse,2
StateOps,2
ToFunctorOps0,2
objects,2
`extend`,2
/\,2
LazyTuple2Instances0,2
⇐,2
-/>,2
ConstApplicative,2
cursor,2
LazyTuple4Instances,2
LazyTuple3Instances,2
LazyTuple2Instances,2
LazyTupleFunctions,2
⇍,2
factorLensFamily,2
ConstOrder,2
ConstInstances1,2
ConstInstances0,2
ConstInstances,2
ConstFunctions,2
ToFoldableOps0,2
LazyOptionTMonad,2
lazyOptionTMonad,2
LazyOptionTHoist,2
distributeLensFamily,2
LazyOptionTInstances0,2
trivial,2
trivialLens,2
LazyOptionTInstances1,2
LazyOptionTFunctions,2
LazyOptionTInstances,2
ToFoldable1Ops0,2
condLazyOption,2
icompose,2
series,2
freely,2
rewritten,2
OptionTMonadListen,2
≠,2
frequently,2
lazyOptionEqual,2
separately,2
LazyOptionFunctions,2
LazyOptionInstances,2
`append`=`compose`,2
Computations,2
LastLazyOption,2
*-->,2
FirstLazyOption,2
Tagged,2
sorting,2
particular,2
mapVLens,2
WithDefault,2
!F,2
unknown,2
discriminate,2
lazyRightT,2
lazyLeftT,2
`g,2
LazyEitherTTraverse,2
lazyEitherTTraverse,2
factorLens,2
LazyEitherTBitraverse,2
lazyEitherTBitraverse,2
distributeLens,2
LensInstances0,2
lazyEitherTFoldable,2
usage,2
seqLikeLensFamily,2
lazyEitherTMonad,2
=OptionT,2
ToCozipOps0,2
OptionTFunctions,2
pivot,2
might,2
lazyEitherTBifunctor,2
LazyEitherTInstances0,2
LazyEitherTMonadError,2
ambient,2
ToContravariantOps0,2
byName,2
OptionTTraverse,2
Sabin,2
lazyEitherTFunctor,2
LazyEitherTInstances1,2
LazyEitherTFunctions,2
LazyEitherTInstances,2
ToComposeOps0,2
addition,2
touching,2
ContravariantCoyonedaInstances,2
`I`,2
ToComonadOps0,2
SetLens,2
`Left`,2
`Aux`,2
structural,2
`fail`,2
raised,2
`by`,2
OptionTInstances,2
ToCobindOps0,2
LazyEitherFunctions,2
LazyEitherInstances,2
often,2
OptionTMonadPlus,2
--=,2
|-->,2
views,2
invoke,2
appearance,2
Function2Ops,2
mutation,2
constraints,2
indexedStore,2
MapLens,2
store,2
`lift,2
ToChoiceOps0,2
optionTMonadPlus,2
ToCategoryOps0,2
IRWST,2
IRWS,2
kleisliU,2
`Bind`,2
ToCatchableOps0,2
KleisliFunctions,2
KleisliCatchable,2
ToBitraverseOps0,2
KleisliHoist,2
evb,2
CoproductInstances,2
KleisliMonoid,2
eva,2
OptionTInstances0,2
KleisliContravariant,2
caught,2
KleisliArrow,2
`Coproduct,2
KleisliInstances,2
opt,2
accessing,2
FoldCaseInstances,2
@example,2
CoproductInstances3,2
KleisliInstances0,2
CoproductFunctor,2
KleisliInstances1,2
CoproductFoldable,2
KleisliInstances2,2
KleisliMonadReader,2
RWST,2
KleisliInstances3,2
KleisliMonadPlus,2
CoproductInstances2,2
KleisliInstances4,2
OptionIdOps,2
RWS,2
CoproductContravariant,2
CoproductInstances1,2
CoproductCobind,2
KleisliInstances5,2
OptionTInstances1,2
CoproductInstances0,2
CaseInsensitiveInstances,2
kleisliApplicative,2
KleisliInstances6,2
KleisliDistributive,2
CoproductTraverse,2
QueueLens,2
kleisliApply,2
KleisliInstances7,2
CoproductComonad,2
kleisliFunctor,2
KleisliInstances8,2
equals,2
ToBindOps0,2
efficiently,2
`String`s,2
imperative-seeming,2
unliftId,2
=L,2
potentially,2
enqueue,2
similar,2
interface,2
<==<,2
since,2
>==>,2
ToBifunctorOps0,2
stringToCord,2
rangeError,2
Index,2
glan,2
ToBifoldableOps0,2
ToArrowOps0,2
dequeue,2
ArrayLens,2
xf,2
&&&,2
^^^^^^,2
^^^^^,2
OptionTInstances2,2
^^^^,2
^^,2
`toLan`,2
`glan,2
PStateT,2
midl,2
CompositionBitraverseTraverses,2
midr,2
defines,2
^,2
ToApplyOps0,2
directly,2
`|@|`,2
`Compose,2
bisequence,2
ToSortedMapOps,2
`toRan`,2
unique,2
applyN,2
`alternative`,2
minus,2
`Char`,2
`gran,2
*=,2
property,2
vn,2
toAdjoint,2
ran,2
=StateT,2
IsomorphismBitraverse,2
FractionalLens,2
IsomorphismBifoldable,2
IMap,2
front,2
IsomorphismFoldable1,2
`fb`,2
container/context,2
/=,2
IsomorphismSemigroup,2
ToApplicativeOps0,2
ToApplicativePlusOps0,2
div,2
getOr,2
IntegralLens,2
template,2
/**Convenience,2
getOrZ,2
ApplicativeBuilder12,2
setOr,2
Cord*,2
OneOrInstances6,2
ApplicativeBuilder11,2
trySetOr,2
OneOrInstances5,2
ApplicativeBuilder10,2
sep,2
quot,2
ApplicativeBuilder9,2
ApplicativeBuilder8,2
modg,2
runBitraverseS,2
lemma,2
ApplicativeBuilder7,2
IsomorphismsLow0,2
coyo,2
bitraverseS,2
ApplicativeBuilder6,2
OneOrInstances4,2
OneOrInstances3,2
IsomorphismsLow1,2
ratio*rr,2
OneOrInstances2,2
PLensFamilyFunctions,2
ApplicativeBuilder5,2
CoyonedaInstances,2
ApplicativeBuilder4,2
bitraversalS,2
rr@Bin,2
ratio*ll,2
OneOrInstances1,2
always-null,2
ApplicativeBuilder3,2
ApplicativeBuilder,2
ll@Bin,2
liftT,2
leftPLensFamily,2
rightPLensFamily,2
unions,2
CoyonedaInstances0,2
setMonoid,2
setShow,2
setOrder,2
bitraversal,2
IsomorphismOrder,2
ISetFunctions,2
ISetInstances,2
CoyonedaInstances1,2
IsomorphismComonad,2
hx,2
CoyonedaInstances2,2
IsomorphismEqual,2
ProductBitraverse,2
CoyonedaInstances3,2
CompositionBitraverse,2
Bitraverses,2
IsomorphismTraverse1,2
CoyonedaInstances4,2
IsomorphismMonadPlus,2
CoyonedaInstances5,2
IsomorphismApplicativePlus,2
CoyonedaInstances6,2
toDescList,2
CoyonedaInstances7,2
pass,2
maxView,2
minView,2
OneOrInstances0,2
plensg,2
CoyonedaInstances8,2
ToAlignOps0,2
CoyonedaInstances9,2
somePLens,2
CoyonedaFoldable1,2
CoyonedaInstances10,2
ToTraverse1Ops0,2
LiskovInstances,2
IsomorphismContravariant,2
changes,2
stepper,2
cozip3,2
cozip4,2
cozip5,2
leftPLens,2
cozip6,2
cozip7,2
LiskovFunctions,2
they're,2
change,2
balanced,2
rightPLens,2
mathematical,2
semigroups,2
forever,2
StreamTInstances,2
`Order`,2
StreamTInstances0,2
subsequent,2
stepBind,2
n-1,2
would,2
StoreTCohoist,2
StoreTComonadStore,2
DievInterval,2
StoreTInstances0,2
sequenceU,2
startOverlap,2
endOverlap,2
StoreTInstances1,2
intersection,2
\\,2
stack-overflow,2
ToTraverseOps0,2
TreeOps,2
StoreTInstances2,2
ToUnzipOps0,2
IndexedStoreTInstances,2
IndexedStoreTBifunctor,2
IndexedStoreTInstances0,2
listHeadPLens,2
listTailPLens,2
listNthPLens,2
listLookupByPLens,2
co1_3,2
co2_3,2
IndexedStoreTFunctorLeft,2
vectorNthPLens,2
prefixCount,2
streamHeadPLens,2
streamTailPLens,2
isSubsetOf,2
lookupGE,2
lookupLE,2
lookupGT,2
streamNthPLens,2
streamLookupByPLens,2
lookupLT,2
!member,2
notMember,2
suffixStart,2
ephemeralStreamHeadPLens,2
ephemeralStreamTailPLens,2
UnzipPairOps,2
IndexedStoreTInstances1,2
IndexedStoreTContravariant,2
IndexedStoreTInstances2,2
IndexedStoreTFunctions,2
ephemeralStreamNthPLens,2
IsEmptyLaw,2
mapRunT,2
resultOfSearch,2
Sequence,2
fa0,2
ephemeralStreamLookupByPLens,2
Vector`,2
ix+1,2
earlyBound@,2
VectorFunctions,2
contra1_2,2
earlyBound,2
contra1_3,2
contra2_3,2
otherAfter,2
VectorOrder,2
ValidationOps,2
contra1_4,2
z1,2
A`,2
|->,2
contra2_4,2
vectorInstance,2
DievFunctions,2
DievInstances,2
vectorEqual,2
Tuple5,2
diev,2
contra3_4,2
/**An,2
WriterOps,2
liftF1,2
OneOrFunctions,2
VectorInstances0,2
liftF2,2
DigitInstances,2
DigitFunctions,2
Tuple8Monad,2
Tuple7Monad,2
liftF3,2
Tuple6Monad,2
Tuple5Monad,2
8,2
Tuple4Monad,2
Tuple3Monad,2
BijectionTCategory,2
Tuple2Monad,2
Tuple8Cozip,2
fzip,2
Tuple7Cozip,2
10L,2
BijectionTInstances0,2
Tuple6Cozip,2
traverseDigits,2
Tuple5Cozip,2
Tuple4Cozip,2
To,2
`G,2
Tuple3Cozip,2
alternatively,2
permits,2
Tuple2Cozip,2
sharing,2
Distributives,2
NumericPLens,2
ProductDistributive,2
ToZipOps0,2
distribution,2
DistributiveFunctions,2
`unsubst`,2
Tuple1Cozip,2
FractionalPLens,2
Tuple8Monoid,2
IntegralPLens,2
Tuple7Monoid,2
Universally,2
bijectionId,2
liftBijection,2
Tuple6Monoid,2
BijectionTFunctions,2
OneOrInstances,2
Given,2
Tuple5Monoid,2
InjectFunctions,2
Tuple4Monoid,2
Tuple3Monoid,2
listHead,2
InjectInstances,2
listTail,2
Tuple2Monoid,2
Tuple1Monoid,2
elimination,2
Tuple8Order,2
Tuple7Order,2
Data,2
=ContsT,2
BijectionTInstances,2
list1,2
list2,2
Tuple6Order,2
/**Don't,2
Tuple5Order,2
Tuple4Order,2
IndexedContsTInstances0,2
h2,2
Tuple3Order,2
k0,2
WA,2
DListInstances,2
DListFunctions,2
ProductTraverse1L,2
Tuple2Order,2
ProductTraverse1R,2
ProductTraverse1,2
ProductZip,2
iteratively!,2
ProductUnzip,2
ListTInstances2,2
ListTInstances1,2
invariantFunctor,2
wbme,2
`partial`,2
ListTMonoid,2
DualInstances,2
_run,2
ListTInstances,2
DualInstances0,2
subtype,2
listTMonadPlus,2
mkString,2
DualMonoid,2
ListTMonadPlus,2
non-`zero`,2
strArray,2
upStarProfunctor,2
ignoring,2
reverseOrder,2
Tuple1Order,2
immArrayOps,2
aka,2
ofStringArray,2
Tuple8Show,2
convention,2
Tuple7Show,2
ListTHoist,2
getComponentType,2
getClass,2
s3,2
entry,2
IndexedReaderWriterStateTInstances,2
Tuple6Show,2
However,2
Tuple5Show,2
ImmutableArrayInstances,2
hd,2
Tuple4Show,2
OneAndFunctions,2
existingValue,2
Tuple3Show,2
rwstMonad,2
=ReaderWriterStateT,2
ReaderWriterStateTMonad,2
fromString,2
right-biased,2
insertedValue,2
Tuple2Show,2
ReaderWriterStateTHoist,2
Tuple1Show,2
`ImmutableArray`,2
functionality,2
important,2
resolvedValue,2
removes,2
TupleInstances1,2
adjust,2
adjustWithKey,2
available,2
`cons`,2
faa,2
rightFunctor,2
leftFunctor,2
Minimal,2
deleted,2
Faster,2
Bifunctors,2
ReducerInstances,2
TheseInstances,2
ImmutableArrayFunctions,2
TheseFunctions,2
oneAndPlus,2
OneAndInstances,2
rightFMConsistent,2
leftFMConsistent,2
vectorMonoid,2
arrays,2
BifoldableLaw,2
bsg,2
IListOrder,2
TheseInstances0,2
TheseInstances1,2
mapAccumWithKey,2
rightFoldable,2
leftFoldable,2
fromListWith,2
Traverses,2
OneAndInstances0,2
IListInstance0,2
OneAndInstances1,2
OneAndInstances2,2
newx,2
IListFunctions,2
IListInstances,2
zipWithIndex,2
OneAndInstances3,2
`Functor#map`,2
differenceWithKey,2
Bifoldables,2
sequentially,2
OneAndInstances4,2
dependent,2
OneAndInstances5,2
OneAndTraverse1,2
bigInt,2
GFA,2
isSubmapOfBy,2
ob,2
OneAndMonad,2
independent,2
OneAndPlus,2
`bifoldRight`,2
kz,2
Tuple1Functor,2
OneAndAlign,2
MapInstances0,2
Traverse1Law,2
Tuple1Monad,2
mapShow,2
mapEqual,2
mapOrder,2
UTraverse,2
because,2
RightTraverse,2
LeftTraverse,2
fromListWithKey,2
2D,2
fromFoldableWithKey,2
singleL,2
NullResultMonoid,2
reduceLeftOption,2
histomorphic,2
singleR,2
NullResultInstances0,2
`Option,2
NullResultFunctions,2
NullResultInstances,2
TupleInstances0,2
whichever,2
conversion,2
commonly,2
Contramap,2
RepresentableLaw,2
fac,2
Often,2
fst,2
snd,2
DisjunctionInstances,2
DisjunctionFunctions,2
Sometimes,2
alongside,2
<\/,2
\/>,2
`fab`,2
indexOf,2
DisjunctionInstances0,2
NullArgumentMonoid,2
RepresentableInstances,2
TreeInstances,2
TreeFunctions,2
NullArgumentInstances0,2
!f,2
filterNot,2
NullArgumentFunctions,2
NullArgumentInstances,2
cokleisli,2
fcd,2
ambiguous,2
MaybeInstances,2
MaybeFunctions,2
throws,2
`split`,2
appended,2
ʐ,2
chopped,2
Corepresentable,2
covariantInstance,2
untouched,2
Pass,2
pls,2
prs,2
CorepresentableLaw,2
listOrder,2
ps,2
sibling,2
ends,2
appending,2
stdlib,2
pluralises,2
unfoldTreeM,2
=Stream,2
IdTFunctions,2
IdTTraverse,2
firstChild,2
IdTHoist,2
c1,2
IdTInstances,2
IdTMonad,2
idTMonad,2
IdTInstances0,2
listShow,2
c2,2
fl,2
streamInstance,2
IdTInstances1,2
setTree,2
maybeInstance,2
IdTInstances2,2
mf,2
setLabel,2
IdTInstances3,2
`F`s,2
compatible,2
Because,2
`Monad#bind`,2
runs,2
MaybeTInstances2,2
`f`'s,2
`\/`,2
`f1`,2
MapSubSortedMap,2
MaybeTInstances1,2
insertLeft,2
SetFunctions,2
MaybeTInstances0,2
multiple,2
maybeTMonadPlus,2
`f2`,2
withFilter,2
Implicits,2
/**Heap,2
fromData,2
EitherTInstances,2
EitherTFunctions,2
EitherTInstances3,2
EitherTMonadError,2
EitherTInstances2,2
MaybeTMonadPlus,2
EitherTInstances1,2
eitherTMonad,2
true`,2
MaybeTInstances,2
loc1,2
EitherTInstances0,2
MaybeTTraverse,2
`∀,2
MaybeTFunctions,2
=MaybeT,2
EitherTMonadPlus,2
MaybeTMonadListen,2
cf0,2
EitherTBitraverse,2
EitherTTraverse,2
companion,2
skewLink,2
asp,2
rp,2
n@Node,2
TreeLocInstances,2
TreeLocFunctions,2
minZ,2
emptyZ,2
`Equal,2
listEqual,2
firstSemigroup,2
MemoInstances,2
libraries,2
EitherTMonadListen,2
lastSemigroup,2
rightZ,2
MemoFunctions,2
HeapFunctions,2
HeapInstances,2
minSemigroup,2
passes,2
Endomorphisms,2
maxSemigroup,2
fromCodata,2
special,2
Parent,2
/**Construct,2
nub,2
ArrayMemo,2
DoubleArrayMemo,2
liftSemigroup,2
newtype,2
repeat,2
`other`,2
EndoInstances,2
NonEmptyListInstances0,2
EndoFunctions,2
idEndo,2
0d,2
EndomorphicInstances,2
/**Return,2
less,2
/**Partition,2
EndomorphicFunctions,2
EndomorphicInstances0,2
conversions,2
`M,2
traverseOpt,2
double,2
OptionOrder,2
successor,2
toUnsortedStream,2
traverseState,2
sa2,2
`$,2
NonEmptyListFunctions,2
predecessor,2
IndexedStateFunctions,2
repeating,2
`hashCode`,2
NonEmptyListInstances,2
executes,2
executing,2
/**Get,2
OptionInstances0,2
ProductApplicativePlus,2
Evaluating,2
/**Split,2
discard,2
CompositionApplicativePlus,2
Compatibility,2
exec,2
t2@Node,2
Unapply_4,2
Unapply_3,2
=M,2
t1@Node,2
`C0`,2
IndexedStateTInstances2,2
ListMap,2
`m1`,2
TreeMap,2
aug,2
IndexedStateTContravariant,2
ɣ,2
diff,2
fromToL,2
/**Is,2
IndexedStateTInstances1,2
applications,2
Unapply_2,2
IndexedStateTFunctorLeft,2
Kmett,2
Edward,2
circumscribed,2
fromStepToL,2
oneAndTraverse,2
EnumLaw,2
Unapply_1,2
opposite,2
Functional,2
Collects,2
associated,2
Applicatives,2
about,2
IndexedStateTInstances0,2
binomial,2
skew,2
bootstrapped,2
!these,2
discarding,2
queues,2
function2,2
ais,2
EphemeralStreamInstances,2
EphemeralStreamFunctions,2
Generators,2
as0,2
IndexedStateTBifunctor,2
indexedSeq,2
Unapply_0,2
strategies,2
Unpack,2
right-to-left,2
IndexedStateTInstances,2
supply,2
answer,2
how,2
MonadErrorLaw,2
`M0`,2
bo,2
Unapply2_0,2
mabc,2
MapSubInstances0,2
IndexedStateTFunctorRight,2
`l`,2
preserving,2
StateTInstances1,2
/*implicit,2
MonadListenSyntax,2
unordered,2
Remove,2
mapply,2
`WriterT`,2
StateTMonadState,2
StateTInstances0,2
Many,2
world,2
StateTHoist,2
latch,2
WeakReference,2
There,2
size-1,2
produce,2
size-2,2
Generalized,2
IndexedStateTFunctions,2
Performs,2
interp,2
same-element,2
excluding,2
Combinations,2
naturality,2
xxs@,2
Creates,2
mapUnwritten,2
liftFU,2
wpoint,2
`groupWhenM`,2
colocal,2
higher-order,2
Monadic,2
UnwriterTInstances,2
`a1,2
a2`,2
UnwriterTFunctions,2
/**View,2
n+1,2
FreeTraverse1,2
`p`'s,2
FreeInstances0,2
UnwriterTInstances2,2
short-circuits,2
FreeInstances1,2
StrongMonadPlusLaw,2
`spanM`,2
FreeInstances2,2
throughout,2
failing,2
FreeInstances3,2
fixed,2
UnwriterTInstances1,2
UnwriterTInstances0,2
Zipping,2
scope,2
matched,2
`Some,2
answering,2
asks,2
ss,2
`Four`,2
Feed,2
sourceMonad,2
see,2
constantState,2
write,2
UnwriterTBind,2
Class,2
ListOrder,2
cont,2
component,2
UnwriterTBitraverse,2
UnwriterComonad,2
follows,2
UnwriterTTraverse,2
pop,2
tail-recursively,2
associates,2
Unzips,2
de,2
residuals,2
eg,2
gh,2
MonadPartialOrderFunctions1,2
transformations,2
MonadPartialOrderFunctions,2
`Validation`,2
`0`,2
ListInstances0,2
failures,2
AlphaFunctions,2
AlphaInstances,2
getValue,2
'z',2
extracts,2
'a',2
`gather`,2
monadComonadZap,2
failure/success,2
onFailure,2
ListReducer,2
phantoms,2
getKey,2
algebraic,2
ThrowableInstances,2
mapSuspension,2
validations,2
valueOf,2
`α`,2
subtract,2
discarded;,2
accVa3,2
e0,2
Binds,2
enum,2
identity''',2
`forall,2
a`,2
choosing,2
disjunctioned,2
generated,2
AlignLaw,2
annotating,2
queue,2
IterableInstances,2
onlyBoth,2
Make,2
eventually,2
produces,2
performance,2
ApplicativeMonoid,2
copies,2
liftMonoid,2
liftPlusEmpty,2
duration,2
calling,2
monoids,2
nodeFoldable,2
possible,2
onlyThat,2
FreeFunctions,2
FreeInstances,2
vf,2
onlyThis,2
positive,2
Replacing,2
CPS,2
ValidationInstances,2
DNE,2
FutureInstances1,2
addDigits0,2
addDigits1,2
addDigits2,2
Function1Comonad,2
Foralls,2
addDigits3,2
n4t,2
Function1Monoid,2
addDigits4,2
dig1,2
FunctionInstances0,2
Foldable1Law,2
ValidationFunctions,2
ProductAlign,2
ValidationInstances2,2
traverse1_,2
wt,2
subtrees,2
FunctionInstances1,2
EitherRightMonoid,2
ValidationInstances3,2
EitherLeftMonoid,2
EitherLastRightMonoid,2
WriterTInstances,2
WriterTFunctions,2
NOR,2
EitherLastLeftMonoid,2
WriterTInstances12,2
ra,2
nor,2
`foldRight1`,2
NAND,2
AdjunctionFunctions,2
being,2
`toList`,2
AdjunctionInstances,2
rb,2
nand,2
WriterTInstances11,2
mr,2
WriterTInstances10,2
xb,2
WriterTInstances9,2
WriterTInstances8,2
vice,2
versa,2
input,2
`untangle`,2
regard,2
!q,2
groups,2
EitherFirstRightMonoid,2
GQ,2
WriterTInstances7,2
G`,2
every,2
WriterTInstances6,2
WriterTInstance5,2
value0,2
writerTMonad,2
`t`,2
WriterTInstances4,2
EitherFirstLeftMonoid,2
valueOrZero,2
zeroOrValue,2
WriterTInstances3,2
encode,2
first-class,2
WriterTInstances2,2
WriterComonad,2
WriterTInstances1,2
WriterTInstances0,2
fu,2
IntFunctions,2
ShortFunctions,2
ar,2
ea,2
curr,2
LongFunctions,2
DoubleFunctions,2
outside,2
falls,2
`i`,2
NaturalTransformations,2
`toStream,2
Deforested,2
mt,2
WriterTMonadListen,2
WriterTHoist,2
ZapInstances,2
Adjoint,2
FloatFunctions,2
ZipLaw,2
EitherRightOrder,2
mkDeep,2
`foldLeft`,2
fmap2,2
EitherInstances0,2
eab,2
`G`-coalgebra,2
`F`-algebra,2
traverseNode,2
`foldRight`,2
bifunctor,2
mkNode,2
forward,2
`sequence_`,2
backwards,2
mkTwo,2
nondeterministic,2
mkThree,2
mkFour,2
StreamReducer,2
Unsafe,2
showV,2
previousOr,2
tryPrevious,2
EitherLeftOrder,2
`traverse_`,2
Inserts,2
focuses,2
fingerTreeShow,2
Strict,2
handling,2
deleteLeft,2
preferring,2
FingerTreeInstances,2
=ViewL,2
`concurrent,2
=ViewR,2
findZ,2
zopt,2
=Finger,2
comes,2
Foldables,2
deleteLeftC,2
br,2
chooses,2
reverse;,2
fix,2
generic,2
iterable,2
ZipperInstances,2
keyer,2
EitherOrder,2
OrderB,2
formed,2
FingerTreeFunctions,2
ZipperFunctions,2
function1Instance,2
Node2,2
LastLeftProjectionIso2,2
Node3,2
mpr,2
msf,2
za,2
`UnitReducer,2
expects,2
IndSeqInstances,2
FirstRightProjectionIso2,2
LastRightProjectionIso2,2
discarded,1
LastRightProjectionAIso2,1
highest,1
below,1
measuer,1
Accordingly,1
favours,1
calculated,1
maintains,1
`++`,1
`insert`,1
eitherLeftInstance,1
eitherFirstLeftInstance,1
Ordered,1
eitherRightInstance,1
eitherRightLInstance,1
eitherFirstRightLInstance,1
indSeqInstance,1
indSeqEqual,1
eitherLastRightLInstance,1
FirstRightProjectionAIso2,1
replace,1
eitherLeftRInstance,1
eitherFirstLeftRInstance,1
RightProjectionAIso2,1
preceding,1
eitherLastLeftRInstance,1
lowerOrEqual,1
Indexed,1
eitherOrder,1
sub-sequences,1
contain,1
nMeasure,1
lower-than-or-equal,1
LastLeftProjectionEIso2,1
FirstLeftProjectionEIso2,1
fingerTreeEqual,1
`xs`,1
reordering,1
implying,1
ability,1
fingerTreeMonoid,1
LeftProjectionEIso2,1
=Node,1
eitherMonad,1
biased,1
eitherRightSemigroup,1
eitherLeftSemigroup,1
viewRFunctor,1
eitherLastRightSemigroup,1
viewLFunctor,1
Specialization,1
eitherLastLeftSemigroup,1
eitherLeftOrder,1
eitherFirstRightSemigroup,1
eitherFirstLeftSemigroup,1
`V`,1
`Any#toString`,1
eitherLastLeftEqual,1
List`,1
eitherFirstLeftEqual,1
Stream`,1
eitherRightOrder,1
eitherLastRightEqual,1
eitherFirstRightEqual,1
eitherRightEqual,1
collapses,1
eitherLeftEqual,1
eitherEqual,1
float,1
int,1
short,1
`foldRightM`,1
`foldLeftM`,1
`length`,1
size`,1
eitherFirstLeftOrder,1
eitherFirstRightOrder,1
emptyOrPureNT,1
pointOrEmptyNT,1
eitherLastLeftOrder,1
eitherLastRightOrder,1
`all`,1
eitherFirstLeftMonoid,1
`any`,1
test,1
`1`,1
eitherFirstRightMonoid,1
isEmpty`,1
Negational,1
don't,1
foldableLaw,1
foldableSyntax,1
eitherLastLeftMonoid,1
`foldr`,1
`foldLeft1`,1
fold1,1
eitherLastRightMonoid,1
doubleInstance,1
Splitting,1
eitherLeftMonoid,1
floatInstance,1
longMultiplicationNewType,1
eitherRightMonoid,1
longInstance,1
intMultiplicationNewType,1
n-i,1
shortMultiplicationNewType,1
function1Semigroup,1
shortInstance,1
sequence1_,1
function1Cobind,1
charMultiplicationNewType,1
leftFM1Consistent,1
function1Monoid,1
rightFM1Consistent,1
foldable1Law,1
foldable1Syntax,1
char,1
function1Comonad,1
byteMultiplicationNewType,1
Universal,1
function1CovariantByName,1
function0Instance,1
quantification,1
function0Equal,1
function1Covariant,1
function1Contravariant,1
function2Instance,1
function3Instance,1
doubly,1
function4Instance,1
function5Instance,1
function6Instance,1
function7Instance,1
negating,1
function8Instance,1
referentially,1
transparent,1
byteInstance,1
futureInstance,1
forSome,1
futureSemigroup,1
quantifier,1
continuation-passing,1
booleanConjunctionNewTypeInstance,1
Requires,1
explicit,1
`Await,1
booleanDisjunctionNewTypeInstance,1
sub,1
fingers,1
result`,1
variations,1
unitInstance,1
correspond,1
subroutine,1
continue,1
inherently,1
bad,1
futureComonad,1
concurrent,1
stored,1
'''measure''',1
annotations,1
Duration,1
stepped,1
Constructing,1
executionContext,1
Random,1
sizes,1
`l2`,1
`l1`,1
Await,1
futureMonoid,1
suspended,1
Concatenating,1
Appending/prepending,1
scalaFuture,1
paused,1
asymptotic,1
amortized,1
excellent,1
measured,1
accepts,1
enforce,1
similarity,1
labelling,1
iteratee,1
iterableShow,1
Lexicographical,1
Iteratee,1
iterableOrder,1
annotate,1
suitable,1
operational,1
Apfelmus,1
Heinrich,1
Monoids,1
post,1
blog,1
presented,1
introduction,1
gentle,1
Paterson,1
Ross,1
Hinze,1
Ralf,1
general-purpose,1
simple,1
iterableEqual,1
!Equal,1
implementations,1
base,1
Binding,1
annotated,1
Nodes,1
iterableSubtypeFoldable,1
enumInstance,1
tail-call,1
bigIntegerInstance,1
ZERO,1
continuation,1
left-associated,1
binds,1
reassociated,1
Evaluates,1
layer,1
bigIntegerMultiplication,1
bigInteger,1
mapFirstSuspension,1
throwableInstance,1
throwable,1
callableOrder,1
callableMonad,1
callable,1
AbstractMap,1
Substitutes,1
mapEntryBitraverse,1
program,1
endofunctor,1
bounce,1
runM,1
recursion,1
thread,1
_2;,1
foldRun,1
Interleave,1
listMonoid,1
Drive,1
drive,1
feed,1
No,1
`Sink`,1
drain,1
Init,1
enough,1
trampolineInstance,1
freeFoldable,1
freeFoldable1,1
freeTraverse,1
Head,1
freeTraverse1,1
freeMonad,1
Collapse,1
equalContravariant,1
`groupBy`,1
equalRef,1
mapValues,1
reference,1
equalA,1
run;,1
Suspends,1
`liftF`,1
liftFC,1
joinF,1
equalSyntax,1
equalLaw,1
constantStateT,1
xxs,1
constantIndexedStateT,1
Interpret,1
runFC,1
pause,1
waits,1
f2`,1
`f1,1
`equal,1
listSyntax,1
MapLike,1
Any#==`,1
await,1
safe,1
synchronized,1
How,1
`MapLike#updated`,1
typed,1
nature,1
@volatile,1
sane,1
Their,1
!cur,1
StateMonadTrans,1
embraced,1
kinds,1
shunning,1
`ab_+,1
toIterable,1
`MapLike#-`,1
`apply,1
Twin,1
Pair,1
counzip,1
EStream,1
ephemeralStreamEqual,1
DummyImplicit,1
functorLaw,1
functorSyntax,1
indexedStateTFunctorRight,1
`Generator,1
container,1
valuesIterator,1
ephemeralStreamInstance,1
consWrapper,1
knows,1
`Generator`,1
toIndexedSeq,1
mapFoldable,1
avail,1
indexedStateTBifunctor,1
FoldrGenerator,1
FoldlGenerator,1
asymptotically,1
optimal,1
!xs,1
Covariant,1
`plus`,1
`Last`,1
mapInstance,1
unifying,1
extended,1
`V`'s,1
mapMonoid,1
'Heap',1
ok,1
Vary,1
`m,1
k`,1
!t,1
`intersectWith`,1
Brodal,1
Okasaki,1
encountered,1
problem,1
leak,1
space,1
things,1
computed,1
save,1
joining,1
Optimal,1
Purely,1
Exchange,1
Priority,1
enumSyntax,1
enumLaw,1
`m`,1
predorder,1
Result,1
`K`s,1
succorder,1
minmaxsucc,1
minmaxpred,1
predsucc,1
succpred,1
Queues,1
Journal,1
Programming,1
839-857,1
`K2`,1
`unionWith`,1
1996,1
indexedStateTFunctorLeft,1
empty?,1
telling,1
populated?,1
/**Insert,1
insertAll,1
Union,1
collisions,1
indexedStateTContravariant,1
insertAllF,1
/**Meld,1
`m2`,1
iff,1
`unionWith,1
decrement,1
`Map,1
updated`,1
zoom,1
collision,1
execZero,1
Grab,1
`exec`,1
placed,1
evalZero,1
bigDecimalInstance,1
BigDecimalMultiplicationNewType,1
bigDecimal,1
bigIntInstance,1
increment,1
`eval`,1
runZero,1
bigIntMultiplication,1
orderingMonoid,1
ToScalazOrderFromOrdering,1
iModify,1
minimumO,1
optionEqual,1
`succ`,1
/**Delete,1
iPut,1
constantIndexedState,1
optionMonoid,1
splitSyntax,1
products,1
adjustMin,1
optionOrder,1
toUnsortedList,1
/**Map,1
discrete,1
ordered,1
cokleisliEndoSemigroup,1
kleisliEndoSemigroup,1
appropriately,1
cokleisliEndoInstance,1
kleisliEndoInstance,1
permitting,1
/**Filter,1
retaining,1
endoKleisli,1
optionShow,1
semigroupoid,1
showContravariant,1
optionFirst,1
optionFirstShow,1
IsoFunctorEndo,1
IsoEndo,1
optionFirstOrder,1
optionFirstMonad,1
optionLast,1
constantEndo,1
optionLastShow,1
Always,1
optionLastOrder,1
`Endo,1
optionLastMonad,1
endoInstances,1
showSyntax,1
endoInstance,1
composes,1
optionMin,1
optionMinShow,1
members,1
efficiency,1
optionMinOrder,1
myself,1
optionMinMonad,1
textual,1
Do,1
break,1
/**Remove,1
entries,1
/**Traverse,1
maxTaggedSemigroup,1
They,1
minTaggedSemigroup,1
optionMax,1
optionMaxShow,1
optionMaxOrder,1
optionMaxMonad,1
`cata`,1
<heap>,1
lastTaggedSemigroup,1
optionSyntax,1
firstTaggedSemigroup,1
adjustZ,1
partialFunctionInstance,1
partialFunction,1
setInstance,1
left-biased,1
derive,1
semigroupSyntax,1
n^2,1
semigroupLaw,1
eitherTShow,1
eitherTEqual,1
equation,1
Instead,1
eitherTHoist,1
r0,1
eitherTTraverse,1
c`,1
eitherTBitraverse,1
'''associativity''',1
eitherTFoldable,1
system,1
eitherTMonadPlus,1
enforced,1
eitherTBifoldable,1
'''closure''',1
eitherTBifunctor,1
invalid,1
semigroup`,1
reducing,1
eitherTPlus,1
`compose,1
tts1@,1
tts2@,1
tts2,1
`Any#==`,1
eitherTFunctor,1
determined,1
tts1,1
eitherTMonadError,1
heapInstance,1
heapMonoid,1
heapEqual,1
by-name,1
seqDerivedOrdering,1
Implementations,1
`filter`,1
/**Create,1
Mixed,1
strict,1
thought,1
`Tuple1`,1
runtime,1
necessarily,1
Identity,1
idTFunctor,1
1+,1
idTApply,1
idTApplicative,1
idTFoldable,1
idTHoist,1
discriminated,1
zips,1
right3,1
middle3,1
left3,1
rightOr,1
middleOr,1
leftOr,1
eitherRight,1
eitherLeft,1
streams,1
idTTraverse,1
corepresentableLaw,1
streamMonoid,1
streamShow,1
Safe,1
streamSyntax,1
stringInstance,1
uncorepCorep,1
corepUncorep,1
Most,1
sensible,1
`IList`,1
stack-safe,1
`concat`,1
\,1
f0Representable,1
curryRepresentable,1
readerRepresentable,1
collectFirst,1
1L,1
r@,1
l@,1
containsSlice,1
dropRight,1
dropRightWhile,1
groupBy,1
DisjunctionSemigroup,1
DisjunctionShow,1
DisjunctionEqual,1
representableLaw,1
DisjunctionMonoid,1
DisjunctionOrder,1
unrepRep,1
rep`,1
toBoolean,1
`unrep,1
repUnrep,1
unrep`,1
lastIndexOf,1
lastIndexOfSlice,1
lastIndexWhere,1
`rep,1
toThese,1
toFloat,1
trivially,1
assignable,1
typeclasses,1
isomorphisms,1
@\?/,1
`validationed`,1
toDouble,1
`@\?/`,1
stringSyntax,1
padTo,1
tuple2Bitraverse,1
tuple1Semigroup,1
\\/-,1
say,1
-\\/,1
tuple2Semigroup,1
identityReducer,1
tuple3Semigroup,1
most,1
tuple4Semigroup,1
prefixLength,1
tuple5Semigroup,1
reduceRightOption,1
tuple6Semigroup,1
reverseMap,1
scanLeft,1
tuple7Semigroup,1
scanRight,1
tuple8Semigroup,1
suboptimal,1
`Tuple1,1
`Id,1
tuple1Instance,1
foldReduce,1
LastOptionReducer,1
takeRight,1
takeRightWhile,1
LastReducer,1
FirstOptionReducer,1
tuple2Instance,1
toMap,1
ev0,1
ev1,1
tuple3Functor,1
FirstReducer,1
tuple4Functor,1
sToZipper,1
stdlib's,1
indices,1
BigIntProductReducer,1
ShortProductReducer,1
tuple5Functor,1
@uncheckedVariance,1
tuple6Functor,1
LongProductReducer,1
tuple7Functor,1
ByteProductReducer,1
tuple8Functor,1
CharProductReducer,1
IntProductReducer,1
tuple1Equal,1
DualReducer,1
tuple2Equal,1
EndoReducer,1
tuple3Equal,1
endomorphisms,1
AllReducer,1
AnyReducer,1
tuple4Equal,1
VectorReducer,1
Ignore,1
loopl,1
Permits,1
tuple5Equal,1
Distribute,1
loopr,1
tuple6Equal,1
definition,1
tuple7Equal,1
synonymous,1
analogy,1
names,1
appropriate,1
tuple8Equal,1
scenarios,1
reductions,1
lawful,1
tack,1
fail-fast,1
`C-Reducer`,1
they,1
fast,1
tuple1Show,1
accumulates,1
`Reducer,1
subtle,1
projections,1
exposes,1
`x`,1
`leftMap`,1
=IndexedReaderWriterStateT,1
tuple2Show,1
Methods,1
`make,1
makes,1
bias,1
rwstHoist,1
tuple3Show,1
`str`,1
ArrayBuilder,1
tuple4Show,1
`Exception`,1
canBuildFrom,1
tuple5Show,1
canBuildFromChar,1
immutableArrayEqual,1
tuple6Show,1
immutableArrayInstance,1
`Int`,1
`NumberFormatException`,1
irwstFunctor,1
integer,1
parse,1
attempts,1
successes,1
reserved,1
tuple7Show,1
downStarFunctor,1
upStarFunctor,1
tuple8Show,1
throwing,1
opposed,1
possibility,1
downStarProfunctor,1
unwrapArray,1
tuple1Order,1
IndexedSeqOptimized,1
stringPrefix,1
dualOrder,1
asString,1
Unknown,1
dualSemigroup,1
wrapRopeChar,1
profunctorSyntax,1
unfoldr,1
contravariantInstance,1
tuple2Order,1
Profunctors,1
dlistEqual,1
xhoist,1
dlistMonadPlus,1
dlistMonoid,1
tuple3Order,1
contracohoist,1
plusEmptySyntax,1
plusEmptyLaw,1
callCC,1
tuple4Order,1
leftPlusIdentity,1
tuple5Order,1
rightPlusIdentity,1
tuple6Order,1
plusSyntax,1
tuple7Order,1
la,1
tuple8Order,1
carte,1
Swierstra,1
tuple1Monoid,1
2008,1
tuple2Monoid,1
plusLaw,1
tuple3Monoid,1
reflexiveInjectInstance,1
leftInjectInstance,1
tuple4Monoid,1
normal,1
rightInjectInstance,1
tuple5Monoid,1
printing,1
pretty,1
logging,1
match_,1
append-heavy,1
making,1
tuple6Monoid,1
represents,1
assertion,1
prepended,1
tuple7Monoid,1
integralPLens,1
tuple8Monoid,1
Stewart,1
Don,1
fractionalPLens,1
tuple1Cozip,1
DList`,1
`Data,1
Injectivity,1
tuple2Cozip,1
DisjunctionInjective,1
Difference,1
Cotraverse,1
EitherInjective,1
EitherRightProjectionInjective,1
numericPLens,1
EitherLeftProjectionInjective,1
FractionalInjective,1
nonstrictness,1
PLensFamilyState,1
Function0Injective,1
Function1Injective,1
`Distributive,1
`Functor,1
Function2Injective,1
tuple3Cozip,1
`Traverse,1
Function2,1
Function3Injective,1
tuple4Cozip,1
Function3,1
Function4Injective,1
tuple5Cozip,1
Function4,1
digitInstances,1
traverseDigitsOr,1
IndexedSeqInjective,1
digitsCollapse,1
tuple6Cozip,1
digitsOr,1
IntegralInjective,1
tuple7Cozip,1
IterableInjective,1
IteratorInjective,1
tuple8Cozip,1
ListInjective,1
OptionInjective,1
tuple2Monad,1
PartialFunctionInjective,1
tuple3Monad,1
PartialOrderingInjective,1
digitFromLong,1
digitFromInt,1
PartialOrdering,1
tuple4Monad,1
DigitLong,1
Product1Injective,1
Product1,1
tuple5Monad,1
Product2Injective,1
tuple6Monad,1
Product2,1
Product3Injective,1
tuple7Monad,1
Product3,1
tuple8Monad,1
Product4Injective,1
Product4,1
Product5Injective,1
48,1
tupleSyntax,1
Product5,1
typeConstraint,1
SetInjective,1
Tuple2Injective,1
Tuple3Injective,1
Tuple4Injective,1
Tuple5Injective,1
dievShow,1
dievMonoid,1
ValidationInjective,1
dievEqual,1
StreamInjective,1
fromIntervalsSeq,1
fromValuesSeq,1
Unary,1
`xmap`,1
plensCategory,1
`B,1
distributePLens,1
factorPLens,1
~mapVLens,1
zipped,1
vectorShow,1
vectorOrder,1
exponential,1
lateBound,1
mapVPLens,1
lateBound@Between,1
ephemeralStreamLookupPLens,1
invariantIdentity,1
invariantComposite,1
invariantFunctorLaw,1
#s,1
between@Between,1
invariantFunctorSyntax,1
semigroupInvariantFunctor,1
monoidInvariantFunctor,1
Typeclass,1
vectorSyntax,1
+I,1
ftr,1
testing,1
emptyIsEmpty,1
emptyPlusIdentity,1
indexedStoreTContravariant,1
isEmptyLaw,1
isEmptySyntax,1
streamLookupPLens,1
indexedStoreTFunctorLeft,1
vectorLastPLens,1
vectorHeadPLens,1
isProperSubsetOf,1
listLookupPLens,1
lazyRightPLens,1
indexedStoreTBifunctor,1
lazyLeftPLens,1
lazySomePLens,1
indexedStoreTFunctorRight,1
eitherLens,1
tuple7PLens,1
storeTCobind,1
tuple6PLens,1
tuple5PLens,1
tuple4PLens,1
tuple3PLens,1
tuple2PLens,1
storeTComonad,1
law,1
substitutive,1
–,1
storeTComonadStore,1
__no,1
stronger__,1
storeTCohoist,1
distinguish,1
considered,1
'''Note,1
''',1
due,1
destination,1
still,1
StreamTEqual,1
StreamTShow,1
Documentation,1
copied,1
/O,1
fromIterable,1
Encoding,1
Interval,1
Discrete,1
Implementation,1
cofzip7,1
cofzip6,1
cofzip5,1
cofzip4,1
cofzip3,1
cofzip,1
n*log,1
cozipSyntax,1
@'map',1
s@,1
obtained,1
@f@,1
@s@,1
It's,1
wrapEffect,1
+S,1
coyonedaFunctor,1
worth,1
coyonedaFoldable,1
noting,1
coyonedaContravariant,1
@x,1
coyonedaTraverse,1
\/=,1
`Align`,1
coyonedaApply,1
y@,1
coyonedaFoldable1,1
codiagPLens,1
trivialPLens,1
coyonedaApplicative,1
plensgf,1
plensf,1
coyonedaPlus,1
distributePLensFamily,1
coyonedaBind,1
factorPLensFamily,1
ToAlignOpsUnapply,1
coyonedaPlusEmpty,1
`#|@|`,1
coyonedaMonad,1
lazyRightPLensFamily,1
lazyLeftPLensFamily,1
coyonedaApplicativePlus,1
lazySomePLensFamily,1
eitherLensFamily,1
coyonedaMonadPlus,1
tuple7PLensFamily,1
tuple6PLensFamily,1
coyonedaTraverse1,1
l@Bin,1
tuple5PLensFamily,1
coyonedaCobind,1
tuple4PLensFamily,1
coyonedaEqual,1
r@Bin,1
tuple3PLensFamily,1
coyonedaComonad,1
tuple2PLensFamily,1
setEqual,1
coyonedaOrder,1
setFoldable,1
somePLensFamily,1
lr@Bin,1
liftTF,1
nilFamily,1
codiagPLensFamily,1
plensFamilyg,1
rl@Bin,1
plensFamilyf,1
=?>=,1
isoCommutative,1
toYoneda,1
Tuple6,1
isoNaturalCommutative,1
isoRefl,1
Tuple7,1
isoNaturalRefl,1
!is,1
Tuple8,1
CordEqual,1
CordMonoid,1
isNot,1
CordShow,1
!as,1
projection,1
Tuple9,1
target,1
Tuple10,1
trySetOrZ,1
trySetK,1
fromStrings,1
setOrZ,1
Tuple11,1
setK,1
`<~>`,1
!nonEmpty,1
Tuple12,1
`ApplicativePlus`,1
`<~~>`,1
getK,1
ToApplicativePlusOpsUnapply,1
concatenates,1
Transforms,1
Families,1
ToApplicativeOpsUnapply,1
IsomorphismMonoid,1
IsomorphismShow,1
`Apply`,1
<*>,1
GlorifiedTuple,1
*>,1
IsomorphismOptional,1
<*,1
DSL,1
constructing,1
expressions,1
≺,1
ranFunctor,1
couniversal,1
`K,1
tupled`,1
`fromRan`,1
TupleN,1
Warning,1
fromRan,1
`Cord`s,1
lengths,1
leads,1
allocation,1
sensitive,1
consider,1
`#applyN`,1
adjointToRan,1
ranToAdjoint,1
ToApplyOpsUnapply,1
composedAdjointToRan,1
gran,1
PIndexedState,1
`h`,1
adjoint,1
`H,1
lanFunctor,1
lanApplicative,1
`Arrow`,1
=Lan,1
`fromLan`,1
ToArrowOpsUnapply,1
ToArrowVFromKleisliLike,1
Throws,1
fromLan,1
ToBifoldableOpsUnapply,1
ToBifoldableVFromKleisliLike,1
`Bifunctor`,1
rightAs,1
adjointToLan,1
lanToAdjoint,1
composedAdjointToLan,1
leftAs,1
MaxOf,1
ToBifunctorOpsUnapply,1
ToBifunctorVFromKleisliLike,1
andThenK,1
composeK,1
simpler,1
factors,1
∗,1
`Rope,1
=<<,1
Very,1
flatMapK,1
MinOf,1
manipulating,1
storing,1
liftMK,1
μ,1
>>,1
LastOf,1
FirstOf,1
coproductComonad,1
kleisliDistributive,1
coproductTraverse,1
kleisliPlus,1
kleisliApplicativePlus,1
coproductCobind,1
Alternative,1
kleisliSemigroup,1
coproductContravariant,1
kleisliMonadPlus,1
kleisliIdFunctor,1
coproductFoldable,1
kleisliIdApplicative,1
ToBindOpsUnapply,1
coproductFunctor,1
`Bitraverse`,1
coproductEqual,1
TupleCoglorified,1
kleisliIdApply,1
rightc`,1
bitraverseU,1
kleisliProfunctor,1
kleisliCompose,1
leftc`,1
kleisliArrow,1
kleisliContravariant,1
kleisliIdMonadReader,1
kleisliMonoid,1
kleisliPlusEmpty,1
kleisliMonadTrans,1
kleisliCatchable,1
~run,1
ToBitraverseOpsUnapply,1
ToBitraverseVFromKleisliLike,1
`Catchable`,1
`kleisli`,1
ToCatchableOpsUnapply,1
`Category`,1
/**Implicitly,1
ToCategoryOpsUnapply,1
ToCategoryVFromKleisliLike,1
`Choice`,1
kleisliFn,1
ToChoiceOpsUnapply,1
/**Pure,1
ToChoiceVFromKleisliLike,1
!isLeft,1
`S,1
`Cobind`,1
coflatten,1
coflatMap,1
transition,1
lazyEitherBitraverse,1
ToCobindOpsUnapply,1
`ContravariantCoyoneda`,1
`LazyLeft`,1
`LazyRight`,1
`Comonad`,1
condLazyEither,1
=?>,1
ToComonadOpsUnapply,1
|>=|,1
`Compose`,1
contravariantCoyonedaContravariant,1
⋘,1
-G,1
⋙,1
Natural,1
+F,1
<~,1
idea,1
lazyEitherTLeftProjectionFunctor,1
ToComposeOpsUnapply,1
ToComposeVFromKleisliLike,1
`Contravariant`,1
∙,1
Credit,1
lazyEitherTMonadError,1
ToContravariantOpsUnapply,1
lazyEitherTBifoldable,1
`Cozip`,1
lazyEitherTLeftProjectionBifunctor,1
ToCozipOpsUnapply,1
factoring,1
further,1
`o`,1
unlift`,1
`Enum`,1
demonstration,1
lazyEitherTLeftProjectionMonad,1
interesting,1
-+-,1
---,1
scala`,1
`ContravariantCoyonedaUsage,1
|=>,1
|==>,1
`Equal`,1
lazyEitherTLeftProjectionFoldable,1
lazyEitherTLeftProjectionBitraverse,1
lazyEitherTLeftProjectionTraverse,1
`Tag`,1
!isDefined,1
Self,1
process,1
whatever,1
T;,1
lazyOptionInstance,1
=/=,1
≟,1
lazyOptionMonoid,1
lazyOptionShow,1
`fi,1
Decomposition,1
%s,1
contravariantSyntax,1
contravariantLaw,1
Raises,1
format,1
LazyOptionOrder,1
contramaps,1
`lazySome`,1
assert_===,1
`lazyNone`,1
sumr1,1
suml1,1
msuml1,1
mapLazyOption,1
ToFoldable1OpsUnapply,1
`r`,1
`contramap,1
sumr,1
lazyOptionTFunctor,1
suml,1
lazyOptionTMonadTrans,1
`-`,1
marking,1
∀,1
∃,1
Providing,1
concatenate,1
msuml,1
lazyOptionOrder,1
ToFoldableOpsUnapply,1
cotraverse,1
properly,1
lazySomeT,1
constApplicative,1
constOrder,1
lazyNoneT,1
constApply,1
constEqual,1
A=>B,1
constFunctor,1
ReaderT`,1
∘,1
aliased,1
fpoint,1
>|,1
chaining,1
sub-trees,1
lazyTuple2Instance,1
lazyTuple2Semigroup,1
lazyTuple2Functor,1
ToFunctorOpsUnapply,1
lazyTuple2Show,1
lazyTuple2Order,1
lazyTuple2Monoid,1
ToFunctorIdV,1
lazyTuple2Monad,1
lazyTuple3Semigroup,1
lazyTuple3Functor,1
non-null,1
lazyTuple3Equal,1
`d`,1
lazyTuple3Show,1
lazyTuple3Order,1
lazyTuple3Monoid,1
lazyTuple3Monad,1
lazyTuple4Semigroup,1
lazyTuple4Functor,1
lazyTuple4Equal,1
lazyTuple4Show,1
lazyTuple4Order,1
|>,1
lazyTuple4Monoid,1
lazyTuple4Monad,1
▹,1
Kestrel,1
Mostly,1
dodgy,1
composeSyntax,1
composeLaw,1
`=,1
=`,1
initialization,1
valid,1
`semigroup`,1
`tap`,1
Ruby,1
tap,1
technique,1
multiway,1
`=>,1
Associative,1
generalized,1
perform,1
`unsafe`,1
enables,1
handle,1
setters,1
<|,1
◃,1
squared,1
Zero,1
matchOrZero,1
Subtyping,1
comonadSyntax,1
comonadLaw,1
cobindRightIdentity,1
cobindLeftIdentity,1
lets,1
`copoint`,1
`copure`,1
loosen,1
`extract`,1
bounds,1
`A===B`,1
cokleisliArrow,1
refined,1
cokleisliMonad,1
substitute,1
cokleisliProfunctor,1
restricted,1
-L,1
cokleisliCompose,1
+H,1
getters,1
Composable,1
/*sealed,1
doWhile,1
whileDo,1
visit,1
=<=,1
GeneralizedGroupoid,1
contramapValue,1
`InvariantFunctor`,1
Hom,1
ToInvariantFunctorOpsUnapply,1
`IsEmpty`,1
invert,1
ToIsEmptyOpsUnapply,1
leibnizGroupoid,1
enable,1
liftReader,1
purposes,1
liftReaderT,1
symmetric,1
ToKleisliOpsUnapply,1
X>,1
ct,1
L<,1
ToKleisliIdOps,1
cofreeComonad,1
ToKleisliFAOps,1
cofreeZipEqual,1
=Leibniz,1
adapted,1
measures,1
cofreeMonad,1
collector,1
cofreeZipApplicative,1
garbage,1
reclaimed,1
cofreeZipApply,1
recomputes,1
cofreeTraverse1,1
references,1
weak,1
prepend,1
cofreeBind,1
coercion,1
cofreeFoldable1,1
`MonadError`,1
ToMonadErrorOps0,1
succeed,1
abuses,1
coerce,1
cofreeZipFunctor,1
isn't,1
cofreeTraverse,1
sufficient,1
Emir,1
ToMonadErrorOpsUnapply,1
ToMonadErrorIdOps,1
Pasalic's,1
cofreeFoldable,1
ToMonadListenOpsUnapply,1
PhD,1
thesis,1
mentions,1
inhabited,1
<p>,1
around,1
issue,1
abusing,1
families,1
corecursion,1
ToMonadPlusOpsUnapply,1
`Monad`,1
noted,1
ToMonadOpsUnapply,1
`MonadTell`,1
<a,1
href=,1
ToMonadTellOps0,1
</p>,1
Injective*/,1
ToMonadTellOpsUnapply,1
lower2,1
Injective2*/,1
Family,1
Represent,1
Structures,1
'''Data,1
`Nondeterminism`,1
Classes,1
'''Type,1
membership,1
Injects,1
mapFirstBranching,1
`Set`,1
ToNondeterminismOpsUnapply,1
definitions,1
'''Scalaz''',1
fromLessThan,1
orderingInstance,1
`Int`s,1
toPair,1
full,1
wrapNel,1
substructures,1
=>>=,1
`Optional`,1
analogous,1
`Ordering`,1
relate,1
ToOptionalOpsUnapply,1
?|?,1
marker,1
lte,1
gte,1
`modo`,1
<%=,1
`tail`,1
`assigno`,1
ternary,1
Non-trivial,1
*not*,1
package;,1
orderMonoid,1
delegate,1
Derived,1
`PlusEmpty`,1
Derive,1
ToPlusEmptyOpsUnapply,1
mempty,1
`Plus`,1
<+>,1
looking,1
`S`-branching,1
ToPlusOpsUnapply,1
`Profunctor`,1
liftsNT,1
^>>,1
>>^,1
codensityTrans,1
inferred,1
codensityMonadPlus,1
f`,1
orderInstance,1
ToProfunctorOpsUnapply,1
ToProfunctorVFromKleisliLike,1
consistency,1
guarantees,1
orderSyntax,1
Supposing,1
orderLaw,1
retention,1
⊹,1
`Show`,1
doubleSet,1
lensLaw,1
categories,1
`Codensity,1
orderAndEqualConsistent,1
`Split`,1
-*-,1
improve,1
transitiveOrder,1
ToSplitOpsUnapply,1
cobindSyntax,1
cobindLaw,1
ToSplitVFromKleisliLike,1
lensFamilyu,1
antisymmetric,1
|∧|,1
cobindAssociative,1
codiagLensFamily,1
`duplicate`,1
|/\|,1
|∨|,1
`this,1
know,1
|\/|,1
firstLensFamily,1
secondLensFamily,1
choiceSyntax,1
codiagonal,1
lazyFirstLensFamily,1
lazySecondLensFamily,1
predicateLensFamily,1
categorySyntax,1
categoryLaw,1
Safer,1
_`,1
`id,1
`LazySome`,1
lensu,1
`LazyNone`,1
id`,1
`_,1
codiagLens,1
firstLens,1
secondLens,1
`zero`=`id`,1
lazyFirstLens,1
lazySecondLens,1
lazyOption,1
nelHeadLens,1
`monoid`,1
nelTailLens,1
`Right`,1
mapWithDefaultLens,1
catchableSyntax,1
!?,1
Specify,1
guard,1
prevent,1
attempt`,1
setMembershipLens,1
ToBooleanOpsFromBoolean,1
ToEitherOpsFromEither,1
applyLens,1
predicateLens,1
stipulating,1
requirement,1
unary_!,1
toValidation,1
'evaluating',1
optionTShow,1
Stack,1
optionTEqual,1
lensCategory,1
expect,1
comparing,1
LensFamilyState,1
catching,1
optionTTraverse,1
Setting,1
optionTMonadTrans,1
&=,1
surrounding,1
equaling,1
&~=,1
&~,1
|=,1
ToFunction1OpsFromBoolean,1
place,1
setLensFamily,1
Map-like,1
places,1
ToListOpsFromList,1
thrown,1
viewing,1
setting,1
toLowerCase,1
ToMapOpsFromMap,1
StringFoldCase,1
map!,1
optionTFoldable,1
mapLensFamily,1
CaseInsensitiveShow,1
syntactic,1
CaseInsensitiveOrder,1
CaseInsensitiveEqual,1
CaseInsensitiveMonoid,1
mutable-like,1
OptionOps#cata,1
seqLensFamily,1
Ternary,1
call-by-name,1
optionTFunctor,1
ifNone,1
raises,1
~o,1
toRightDisjunction,1
queueLensFamily,1
bitraverseSyntax,1
x@Some,1
toLeftDisjunction,1
arrayLensFamily,1
ToOptionOpsFromOption,1
options,1
function1,1
optionalSyntax,1
ToSortedMapOpsFromMap,1
bitraverseKTrampoline,1
`isDefined`,1
numericLensFamily,1
ToStreamOpsFromStream,1
Abstraction,1
ToStringOpsFromString,1
fractionalLensFamily,1
ToVectorOpsFromVector,1
Syntaxes,1
plusEmpty,1
applicativePlus,1
monadPlus,1
foldable1,1
catchable,1
integralLensFamily,1
bifoldable,1
tuple2LensFamily,1
profunctor,1
monadError,1
tuple3LensFamily,1
tuple4LensFamily,1
tuple5LensFamily,1
tuple6LensFamily,1
tuple7LensFamily,1
wrapThis,1
uTraverse,1
rightTraverse,1
leftTraverse,1
wrapThat,1
`bitraverse`,1
substitutability,1
`<,1
<`,1
whenever,1
ToThesePairOps,1
recursively,1
OneOrNothing,1
ToTraverse1OpsUnapply,1
bindSyntax,1
bindLaw,1
apLikeDerived,1
`bind`,1
OneOrId,1
associativeBind,1
liskov,1
flipped,1
changed,1
`Traverse`,1
tmap,1
running,1
OneOrOption,1
Scala's,1
relationship,1
infinitely,1
isa,1
Repeats,1
OneOrNel,1
co,1
co2,1
co3,1
`ifFalse`,1
`ifTrue`,1
co4,1
include,1
OneOrList,1
/**lift2,1
=>if,1
`lift3,1
ToTraverseOpsUnapply,1
co1_2,1
`if`,1
`Unzip`,1
/**lift3,1
ToUnzipOpsUnapply,1
forming,1
outer,1
ToUnzipPairOps,1
`FFA`,1
/**lift4,1
co4_4,1
contra,1
`join,1
Equivalent,1
unfzip,1
contra2_2,1
essential,1
contra3_3,1
incorporated,1
_and_,1
successNel,1
introduce,1
contra4_4,1
Function1-like,1
`Zip`,1
co3_4,1
bijectionTCategory,1
liftF4,1
/**If,1
bijectionTSplit,1
bracket,1
fzipWith,1
<*|*>,1
/**Unsafely,1
ToZipOpsUnapply,1
claim,1
@todo,1
According,1
zipReaderB,1
zipEndoB,1
zipListB,1
help,1
manually,1
specialize,1
unco,1
unco2_1,1
leaving,1
of`,1
eitherB,1
curryB,1
unco2_2,1
uncontra,1
uncontra2_1,1
<@>,1
uncontra2_2,1
headMaybe,1
listTFunctor,1
unwrap`,1
subst`,1
subst1`,1
`fa`'s,1
flow,1
enclosing,1
listTSemigroup,1
unsubst`,1
Variants,1
specifying,1
likely,1
infer,1
listTMonoid,1
tags,1
`@@`,1
listTEqual,1
listTShow,1
numeric,1
multiplication,1
rather,1
inverts,1
listTHoist,1
World!,1
oneAndNelIso,1
oneAnd,1
oneAndUnzip,1
Hello,1
zipping,1
bifunctorSyntax,1
transforms,1
`||`,1
oneAndZip,1
`&&`,1
isThis,1
uFunctor,1
removed,1
isThat,1
looks,1
isBoth,1
Similar,1
oneAndSemigroup,1
oneAndOrder,1
oneAndShow,1
oneAndTraverse1,1
FromBifoldr,1
`bifoldR`,1
oneAndEqual,1
`bifoldMap`,1
concatThisList,1
lookupIndex,1
concatThisStream,1
concatThatList,1
concatThatStream,1
bifoldableSyntax,1
bifoldableLaw,1
oneAndFoldable1,1
unalignList,1
deleteAt,1
updateMin,1
unalignStream,1
updateMax,1
updateAppend,1
⇒,1
minViewWithKey,1
maxViewWithKey,1
significantly,1
TheseInstance0,1
TheseBitraverse,1
uFoldable,1
Mappings,1
TheseInstance1,1
TheseEqual,1
nonstrict,1
`foldMap1`,1
mapKeysWith,1
TheseShow,1
Unions,1
`bifoldLeft`,1
Idiomatic,1
`Foldable1,1
traversalS,1
sequenceS,1
oneAndFoldable,1
oneAndMonad,1
oneAndBind,1
oneAndApplicative,1
differenceWith,1
identityTraverse,1
oneAndAlign,1
oneAndApply,1
oneAndFunctor,1
sequentialFusion,1
purity,1
isSubmapOf,1
mapOption,1
direction,1
parallelFusion,1
traverseLaw,1
mapEither,1
interleaved,1
traverseSyntax,1
scalazMapInstance,1
identityTraverse1,1
sequentialFusion1,1
`naturality`,1
starting,1
`sequence1`,1
naturality1,1
implicitly;,1
nullResultContravariant,1
nullResultMonad,1
mapUnion,1
mapIntersection,1
parallelFusion1,1
traverse1Law,1
traverse1Syntax,1
nullResultArrow,1
mapCovariant,1
mapBifoldable,1
multi-way,1
rose,1
folds,1
fromFoldableWith,1
drawTree,1
unionsWith,1
\n,1
nullResultMonoid,1
separated,1
lines,1
nullResultSemigroup,1
`Just,1
lack,1
`Empty,1
`-,1
+-,1
Pre-order,1
differences,1
expose,1
`get`,1
arrowSyntax,1
Breadth-first,1
levels,1
exist,1
`Iterable,1
dozen,1
`&&&`,1
cancel,1
isEmptyAt,1
foldNode,1
`fac`,1
`fab`s,1
`***`,1
nullArgumentContravariant,1
nullArgumentMonad,1
`fcd`,1
nullArgumentCategory,1
nullArgumentMonoid,1
nullArgumentSemigroup,1
isNothingAmb2,1
treeInstance,1
optionMaybeIso,1
treeEqual,1
fromNullable,1
`<<<`,1
Applic,1
newtypes,1
ZipStream,1
maybeEqual,1
maybeOrder,1
isNothingAmb1,1
isNotNothing,1
maybeShow,1
<tree>,1
rose-tree,1
maybeMonoid,1
navigation,1
persistent,1
insertion,1
deletes,1
maybeFirstMonoid,1
selected,1
maybeFirstShow,1
maybeFirstOrder,1
maybeFirstMonad,1
product-wise,1
maybeLastMonoid,1
maybeLastShow,1
well,1
maybeLastOrder,1
maybeLastMonad,1
maybeMin,1
leftmost,1
nonEmptyListOrder,1
applySyntax,1
applyLaw,1
rightmost,1
lastChild,1
getChild,1
immediate,1
findChild,1
/**Select,1
maybeMinShow,1
descendant,1
toForest,1
isRoot,1
isFirst,1
isLast,1
isLeaf,1
lift12,1
lift11,1
lift10,1
lift9,1
lift8,1
lift7,1
lift6,1
lift5,1
isChild,1
!isRoot,1
hasChildren,1
tuple5,1
tuple4,1
tuple3,1
!isLeaf,1
maybeMinOrder,1
maybeMinMonad,1
maybeMax,1
maybeMaxShow,1
maybeMaxOrder,1
maybeMaxMonad,1
modifyLabel,1
nonEmptyListShow,1
maybes,1
maybeTFunctor,1
nonEmptyListSemigroup,1
maybeTFoldable,1
insertDownFirst,1
insertDownLast,1
insertDownAt,1
Delete,1
maybeTMonadTrans,1
maybeTTraverse,1
maybeTEqual,1
ap8,1
memoization,1
ap7,1
strategy,1
employing,1
ap6,1
nonEmptyList,1
ap5,1
treeLocInstance,1
treeLocEqual,1
@define,1
fromForest,1
`MA`,1
been,1
destructured,1
immuMapNote,1
nonEmptyListEqual,1
thread-safe,1
nilMemo,1
unapplySeq,1
`n`-long,1
arrayMemo,1
`TC,1
lieu,1
direct,1
compiler,1
applicativePlusSyntax,1
many,1
https,1
`arrayMemo`,1
traverseI2,1
stateTraverse1,1
`empty`;,1
Never,1
memoizing,1
`sentinel`,1
stateTraverse2,1
Credits,1
@implicitNotFound,1
doubleArrayMemo,1
Unable,1
getOrElseUpdate,1
lacks,1
classified,1
Check,1
mutableHashMapMemo,1
`mutableHashMapMemo`,1
forget,1
compiling,1
`implicitly,1
review,1
monoidApplicative,1
implicits,1
applicativeSyntax,1
applicativeLaw,1
mapLikeDerived,1
cover,1
'shapes,1
NonEmpty,1
pressure,1
unapplyA,1
interchange,1
F-wise,1
weakHashMapMemo,1
unapplyMFABC1and2,1
WeakHashMap,1
unapplyMFABC3,1
hash,1
immutableHashMapMemo,1
immutableListMapMemo,1
distributes,1
unapplyMFAB1,1
`B0`,1
identityAp,1
unapplyMFAB2,1
immutableTreeMapMemo,1
singly-linked,1
`G0`,1
unapplyMABCDEFG7,1
evalated,1
happen,1
`F0`,1
unapplyMABCDEF6,1
`E0`,1
nondeterminismSyntax,1
aggregateCommutative,1
unapplyMABCDE5,1
aggregate,1
`D0`,1
unapplyMABCD4,1
unapplyMABC3,1
`gatherUnordered`,1
monadLaw,1
`F0,1
*`,1
unapplyMFA,1
unapplyMAB1,1
unapplyMAB2,1
monadSyntax,1
Although,1
`Unapply`,1
raisedErrorsHandled,1
unapplyMA,1
respect,1
=M0,1
'B9',1
unapplyMFAB,1
`Unapply2`,1
'B',1
unapplyMAB,1
errorsRaised,1
`Unapply21`,1
errorsStopComputation,1
unapply210MFABC,1
MA_,1
monadErrorLaw,1
monadErrorSyntax,1
monadListenSyntax,1
*/U1,1
`f`-failing,1
NOT,1
`filter,1
flatMap+map,1
drops,1
invoked,1
required,1
You,1
`catMaybes`,1
switch,1
`UnwriterT`,1
`unary_+`,1
`unary_-`,1
`on`,1
unary_+,1
decides,1
`partitionEithers`,1
unlike,1
`unite`,1
gathered,1
polymorphic,1
emptyMap,1
leftZero,1
infinite,1
possibly,1
`join`,1
unwriterTFunctor,1
rightZero,1
Naperian,1
unwriterTApply,1
monadPlusLaw,1
strongMonadPlusLaw,1
monadPlusSyntax,1
#applicative,1
interaction,1
unwriterTBifunctor,1
treated,1
identically,1
unwriterTBind,1
behave,1
monadTellSyntax,1
unwriterTFoldable,1
analogue,1
flavours,1
few,1
transformers,1
unwriterTEqual,1
`apply3`,1
`apply2`,1
unwriterTBitraverse,1
point`,1
unwriterComonad,1
=Unwriter,1
`liftM`,1
liftMU,1
unwriterTTraverse,1
implied,1
unwriterEqual,1
establishes,1
unput,1
bigger,1
unputWith,1
Whereas,1
part,1
execution,1
depending,1
ToCharFromAlpha,1
reordered,1
alphas,1
unzipSyntax,1
arbitrarily,1
`Success,1
'x',1
`Failure,1
'w',1
Isomorphic,1
'v',1
\/`,1
'u',1
motivation,1
't',1
subject,1
's',1
'r',1
accumulate,1
'q',1
'p',1
'o',1
`Int#+`,1
'n',1
convenience,1
'm',1
shorthand,1
'l',1
`Validation#toValidationNel`,1
'k',1
`Validation,1
'j',1
`ValidationNel,1
'i',1
getMessage,1
'h',1
=ValidationNel,1
'g',1
'f',1
'e',1
'd',1
`Nil`,1
'c',1
'b',1
`Failure`,1
`List#++`,1
References,1
toUpper,1
toUpperChar,1
`Success`,1
0`,1
isSuccess,1
isFailure,1
!isSuccess,1
1`,1
2`,1
nondetermininstic,1
output,1
`category,1
monoid`,1
preserve,1
SE,1
monoidal,1
`reduceUnordered`,1
`+|+`,1
alignSyntax,1
alignLaw,1
+|+,1
specified,1
findSuccess,1
'''left,1
`@\/`,1
'''right,1
monoidLaw,1
monoidSyntax,1
Same,1
Conceptually,1
alternating,1
concatenation,1
combines,1
Obtain,1
+M,1
`disjunctioned`,1
+N,1
@\/,1
strings,1
Exception,1
nmap6,1
$i,1
nmap5,1
appendLeft,1
Import,1
wish,1
FlatMap,1
appendRight,1
ValidationFlatMapRequested,1
prependLeft,1
prependRight,1
\?/,1
nmap4,1
ValidationOrder,1
ValidationMonoid,1
individually,1
ValidationEqual,1
ValidationShow,1
ValidationSemigroup,1
writerReaderAdjunction,1
f0IdAdjunction,1
idF0Adjunction,1
`Z`,1
f0Adjunction,1
identityAdjunction,1
ValidationApplicative,1
`NonEmptyList`,1
curryUncurryAdjunction,1
`Either`,1
off,1
`off`,1
unary_-,1
<++,1
<<++,1
compositeAdjunction,1
homomorphisms,1
Take,1
acts,1
Before,1
writerFunctor,1
folded,1
having,1
writerTFunctor,1
opportunity,1
writerApply,1
track,1
writerTApply,1
evolving,1
adjunctions,1
poset,1
untangleLeft,1
untangleRight,1
writerApplicative,1
monoidCoproductEqual,1
Q`,1
`P,1
incomparable,1
writerTApplicative,1
antichain,1
fashion,1
writerMonad,1
nameEqual,1
needEqual,1
Adjunctions,1
valueEqual,1
writerFoldable,1
writerEqual,1
constructs,1
writerTBifunctor,1
symmetry,1
writerTFoldable,1
writerTEqual,1
concrete,1
writerComonad,1
morphisms;,1
posets,1
writerBitraverse,1
`cosequence`,1
writerTraverse,1
language,1
varying,1
tossed,1
writerTBitraverse,1
writerTTraverse,1
writerTMonadListen,1
encoded,1
writerTHoist,1
adding,1
zapGF,1
=A,1
putWith,1
forgotten,1
seen,1
=B,1
toCoyoneda,1
traversing,1
yonedaFunctor,1
`refl`,1
Reify,1
identityZap,1
productCoproductZap,1
zapFG,1
coproductProductZap,1
Zips,1
apzipPL,1
`NaturalTransformation`,1
natToFunction,1
preserves,1
zipPreservation,1
zipSymmetric,1
ConstrainedNaturalTransformation,1
zipLaw,1
sides,1
zipSyntax,1
pointed,1
zipper-like,1
Extracts,1
tracks,1
Focus,1
BiConstrainedNaturalTransformation,1
DiNaturalTransformation,1
inserted,1
pointedlist,1
Konst,1
Jeff,1
Wheeler,1
fully,1
traverses,1
`lefts`,1
`rights`,1
Update,1
nextOr,1
`Monad,1
bind`,1
imposes,1
`choose`,1
`deleteRight`,1
let,1
us,1
deleteLeftOr,1
deleteRightOr,1
deleteOthers,1
atStart,1
atEnd,1
Pairs,1
indicating,1
withFocus,1
moveOr,1
Canonical,1
defition,1
minimal,1
Future`,1
findZor,1
Task`,1
parallel,1
findNext,1
findPrevious,1
nextC,1
previousC,1
'first',1
'wins',1
'residual',1
left-adjoint,1
deleteLeftCOr,1
returned;,1
wins,1
`deleteRightC`,1
deleteC,1
deleteRightCOr,1
<lefts>,1
<rights>,1
`Future`,1
race,1
two-element,1
zipperInstance,1
'losing',1
zipperEqual,1
zipperShow,1
